path,source,content_type,frames,width,height,lossy,kb_orig,kb_compressed,compression_ratio,success,error,runtime_s,alignment_accuracy,banding_patch_count,banding_score_mean,banding_score_p95,chist,chist_first,chist_last,chist_max,chist_middle,chist_min,chist_positional_variance,chist_std,color_count_compressed,color_count_original,color_patch_count,composite_quality,compressed_frame_count,deep_perceptual_downscaled,deep_perceptual_frame_count,deltae_max,deltae_mean,deltae_p95,deltae_pct_gt1,deltae_pct_gt2,deltae_pct_gt3,deltae_pct_gt5,disposal_artifacts,disposal_artifacts_delta,disposal_artifacts_max,disposal_artifacts_min,disposal_artifacts_post,disposal_artifacts_pre,disposal_artifacts_std,dither_quality_score,dither_ratio_mean,dither_ratio_p95,duration_diff_ms,edge_sharpness_score,edge_similarity,edge_similarity_max,edge_similarity_min,edge_similarity_std,efficiency,flat_flicker_ratio,flat_region_count,flicker_excess,flicker_frame_ratio,frame_count,fsim,fsim_first,fsim_last,fsim_max,fsim_middle,fsim_min,fsim_positional_variance,fsim_std,gmsd,gmsd_max,gmsd_min,gmsd_std,gradient_region_count,grid_length,has_text_ui_content,kilobytes,lpips_quality_max,lpips_quality_mean,lpips_quality_p95,lpips_t_mean,lpips_t_p95,max_timing_drift_ms,ms_ssim,ms_ssim_max,ms_ssim_min,ms_ssim_std,mse,mse_first,mse_last,mse_max,mse_middle,mse_min,mse_positional_variance,mse_std,mtf50_ratio_mean,mtf50_ratio_min,ocr_conf_delta_mean,ocr_conf_delta_min,ocr_regions_analyzed,palette_distance,posterization_score,psnr,psnr_max,psnr_min,psnr_std,quality_oscillation_frequency,render_ms,rmse,rmse_max,rmse_min,rmse_std,sharpness_similarity,sharpness_similarity_max,sharpness_similarity_min,sharpness_similarity_std,ssim,ssim_first,ssim_last,ssim_max,ssim_middle,ssim_min,ssim_positional_variance,ssim_std,ssimulacra2_frame_count,ssimulacra2_mean,ssimulacra2_min,ssimulacra2_p95,ssimulacra2_triggered,temporal_consistency,temporal_consistency_delta,temporal_consistency_max,temporal_consistency_min,temporal_consistency_post,temporal_consistency_pre,temporal_consistency_std,temporal_pumping_score,text_ui_component_count,text_ui_edge_density,texture_similarity,texture_similarity_max,texture_similarity_min,texture_similarity_std,timing_drift_score,timing_grid_ms,transparency_artifact_score
/Users/lachlants/Documents/GIFs/Email/http___i6.cmail19.com_ei_i_BB_5DC_A14_csimport_TSP47-Tenth-birthday_300-x-2501.161650.gif,real,,8,300,250,0,48.09,47.05,1.02195749626432,True,,6.31,1.0,0.0,0.0,0.0,1.0,1.0,1.0,1.0,1.0,1.0,0.0,0.0,209.5,209.5,72.0,0.7572480874581697,8.0,0.0,8.0,0.0,0.0,0.0,0.0,0.0,0.0,0.0,0.813236273014061,0.0,0.813236273014061,0.813236273014061,0.813236273014061,0.813236273014061,0.0,0.0,0.0,0.0,0.0,100.0,1.0,1.0,1.0,0.0,0.41847182206004174,0.23564954682779457,14.0,0.16693787830216542,0.7142857142857143,8.0,1.0,1.0,1.0,1.0,1.0,1.0,0.0,0.0,0.0,0.0,0.0,0.0,0.0,1700.0,1.0,47.0546875,0.0,0.0,0.0,0.18256803788244724,0.5029978901147839,0.0,1.0,1.0,1.0,0.0,0.0,0.0,0.0,0.0,0.0,0.0,0.0,0.0,1.0,1.0,0.0,0.0,11.0,0.0,0.0,1.0,1.0,1.0,0.0,0.2857142857142857,6275.0,0.0,0.0,0.0,0.0,1.0,1.0,1.0,0.0,1.0,1.0,1.0,1.0,1.0,1.0,0.0,0.0,8.0,1.0,1.0,1.0,1.0,0.34456983613705844,0.0,0.34456983613705844,0.34456983613705844,0.34456983613705844,0.34456983613705844,0.0,0.00973411149964899,3.0,0.09901333333333333,1.0,1.0,1.0,0.0,0.0,10.0,0.0
/Users/lachlants/Documents/GIFs/Email/http___i6.cmail19.com_ei_i_BB_5DC_A14_csimport_TSP47-Tenth-birthday_300-x-2501.161650.gif,real,,8,300,250,20,48.09,36.43,1.3201254658052064,True,,6.27,1.0,0.0,0.0,0.0,0.9999994197567224,0.9999997306678636,0.999999923976522,0.999999923976522,0.999999596461316,0.9999977382711023,1.8071760561726262e-14,6.487977533133833e-07,209.125,209.5,72.0,0.7564263794945928,8.0,0.0,8.0,0.10672971606254578,0.048072801540709205,0.1044495552778244,0.0,0.0,0.0,0.0,0.8132569599181306,2.0686904069644463e-05,0.8132569599181306,0.8132569599181306,0.8132569599181306,0.813236273014061,0.0,0.0,0.0,0.0,0.0,100.0,0.9835184543361866,0.9910313901345291,0.9794691303710221,0.0033100927446591964,0.457279880187575,0.23564954682779457,14.0,0.16704480477741784,0.7142857142857143,8.0,0.9653221964836121,0.9659844636917114,0.9877335429191589,0.9877335429191589,0.9661679267883301,0.9339702129364014,0.00010423687833909726,0.013721193009064882,0.14678926300257444,0.2063102275133133,0.08895229548215866,0.029414707737269292,0.0,1700.0,1.0,36.4267578125,0.0008323591900989413,0.0002850409291568212,0.0006342436550767158,0.1827663006260991,0.5031480640172955,0.0,0.9995029013836689,0.9998791611923685,0.9993803664913671,0.00014515540158480513,0.958663884550333,1.0640933513641357,0.2815866768360138,1.2098044157028198,1.0421600341796875,0.2815866768360138,0.13236328866497793,0.2677279471655401,1.045909768725403,1.0022201277738567,0.012666666666666665,-0.16999999999999998,11.0,0.0031996012455090097,0.0,0.963436219093442,1.0,0.9460730370462173,0.015290356184718709,0.2857142857142857,6238.0,0.9645178390674006,1.0999110944539199,0.5306474129174793,0.16843165578680552,0.9908722169660577,0.9920411457179256,0.9891427212492953,0.000863984720018419,0.9988910941481685,0.9987360603302912,0.9997052030604912,0.9997052030604912,0.9988048918008804,0.9986137201694936,1.9494841855832075e-07,0.0003149024110317456,8.0,1.0,1.0,1.0,1.0,0.3448688810840987,0.0002990449470402501,0.3448688810840987,0.3448688810840987,0.3448688810840987,0.34456983613705844,0.0,0.009746773433533348,3.0,0.09901333333333333,0.9999718989409754,0.9999874015192199,0.9998870560025099,3.2280512631551137e-05,0.0,10.0,0.0
/Users/lachlants/Documents/GIFs/Email/http___i6.cmail19.com_ei_i_BB_5DC_A14_csimport_TSP47-Tenth-birthday_300-x-2501.161650.gif,real,,8,300,250,40,48.09,32.0,1.5027924436170537,True,,6.37,1.0,0.0,0.0,0.0,0.9999974825758959,0.9999975935839513,0.9999996810557115,0.9999996810557115,0.9999988833427671,0.9999887006987345,7.397068992986014e-13,3.3762502164292988e-06,209.25,209.5,72.0,0.751625201344039,8.0,0.0,8.0,0.2690827250480652,0.11645265434506452,0.2690827250480652,0.0,0.0,0.0,0.0,0.8129366213682412,0.0002996516458197984,0.8129366213682412,0.8129366213682412,0.8129366213682412,0.813236273014061,0.0,0.0,0.15148165050217371,0.7422600874606505,0.0,100.0,0.9646422786790673,0.9769510715729883,0.9584845405719262,0.005138711602545473,0.475907032217451,0.23636363636363636,14.0,0.16704381917204175,0.7142857142857143,8.0,0.9299176782369614,0.9528965353965759,0.9776784181594849,0.9776784181594849,0.9229492545127869,0.8929226994514465,0.0005006958554526856,0.023782508908099565,0.21219099313020706,0.26512351632118225,0.12534858286380768,0.04195017792921819,0.0,1700.0,1.0,31.9990234375,0.0016159291844815016,0.0009979321766877547,0.001505949709098786,0.18282030882047756,0.5028797224164006,0.0,0.9980448476251652,0.9986317453012321,0.9976436330809437,0.000266849860222359,4.42236065864563,5.398600101470947,1.3377599716186523,5.398600101470947,4.828106880187988,1.3377599716186523,3.2220451797675707,1.2228317989767756,1.028942844469736,0.965344823461396,-0.017333333333333333,-0.10000000000000002,11.0,0.0021330674970060064,0.0,0.8395151970058481,0.9373404309558039,0.816159842101755,0.03761833759957138,0.2857142857142857,6340.0,2.0724838103928027,2.323488777995484,1.1566157406929287,0.3566111528056285,0.9739247203079103,0.9775874225779486,0.9694249680348322,0.002101892209507407,0.9956414994922389,0.9959490210770101,0.9969950614368934,0.9969950614368934,0.99529092808052,0.994726267952388,4.923730358709681e-07,0.0006114447029539513,8.0,0.9666089855625,0.9651362555,0.96836504885625,1.0,0.34562715354808377,0.001057317411025327,0.34562715354808377,0.34562715354808377,0.34562715354808377,0.34456983613705844,0.0,0.009722994709780837,3.0,0.09901333333333333,0.9999355984312372,0.9999856164217749,0.9998648183275158,3.516035068766258e-05,0.0,10.0,0.0
/Users/lachlants/Documents/GIFs/Email/http___i6.cmail19.com_ei_i_BB_5DC_A14_csimport_TSP47-Tenth-birthday_300-x-2501.161650.gif,real,,8,300,250,60,48.09,29.54,1.6281576511043512,True,,6.32,1.0,0.0,0.0,0.0,0.999994486026006,0.9999929624891768,0.9999993706918435,0.9999993706918435,0.9999957452524508,0.9999891719212508,6.8836270719233855e-12,2.8304034707023815e-06,209.125,209.5,72.0,0.7439795842421414,8.0,0.0,8.0,0.5349012017250061,0.20072238380089402,0.5349012017250061,0.0,0.0,0.0,0.0,0.8136412772929709,0.0004050042789098818,0.8136412772929709,0.8136412772929709,0.8136412772929709,0.813236273014061,0.0,0.0,0.0,0.0,0.0,100.0,0.9427564870070166,0.9670020120724346,0.933641975308642,0.009611966204019383,0.48592932495011365,0.23423423423423423,14.0,0.16723594197205133,0.7142857142857143,8.0,0.9424709975719452,0.9468596577644348,0.98003751039505,0.98003751039505,0.9409687519073486,0.9070083498954773,0.000295760062974024,0.018396688047580743,0.17684635799378157,0.23516090214252472,0.11175378412008286,0.03142504858432727,0.0,1700.0,1.0,29.53515625,0.0027841804549098015,0.0019330961149535142,0.002705961256287992,0.1827578472771815,0.5029462844133374,0.0,0.9966485125681084,0.9996302718702601,0.9954619508008414,0.0013776911054517189,10.795487135648727,13.007719993591309,2.7655866146087646,13.007719993591309,11.809412956237793,2.7655866146087646,20.903114534020272,3.108615999680741,1.008766613196907,0.9465725861899613,-0.005999999999999983,-0.1399999999999999,11.0,0.004266134994012013,0.0,0.7632221487381013,0.8742586176262614,0.7397758362001473,0.04226912489248309,0.2857142857142857,6294.0,3.2302993546423706,3.606621687062743,1.663005296025471,0.6005440991682546,0.947435493864976,0.9524420546924826,0.9438770274530801,0.002641816023467771,0.9928346833007546,0.9961513403703629,0.9991488227340382,0.9991488227340382,0.9914356066681494,0.9902701094966813,1.007963854997996e-05,0.0029040557541781323,8.0,0.9072654723593749,0.886154014875,0.9690946190812498,1.0,0.3473745933819952,0.002804757244936784,0.3473745933819952,0.3473745933819952,0.3473745933819952,0.34456983613705844,0.0,0.009696301240732256,3.0,0.09901333333333333,0.9999392454240698,0.9999753601923416,0.9998555034640522,3.3521234086844065e-05,0.0,10.0,0.0
/Users/lachlants/Documents/GIFs/Email/http___i6.cmail19.com_ei_i_BB_5DC_A14_csimport_TSP47-Tenth-birthday_300-x-2501.161650.gif,real,,8,300,250,80,48.09,27.55,1.7455512229705779,True,,6.34,1.0,0.0,0.0,0.0,0.9999928263064729,0.9999956971682826,0.9999990668912864,0.9999990668912864,0.9999939637081867,0.9999757296822336,4.489154974961104e-12,6.712502180056836e-06,209.0,209.5,72.0,0.7381352782582852,8.0,0.0,8.0,0.7567508816719055,0.2875017863051552,0.7567508816719055,0.0,0.0,0.0,0.0,0.810688659601357,0.0025476134127039307,0.810688659601357,0.810688659601357,0.810688659601357,0.813236273014061,0.0,6.707081258484126,0.08232296853789682,0.40338254583569405,0.0,100.0,0.9246045439408304,0.9562775772162053,0.9160771258149535,0.012251994180604802,0.49484043436718694,0.24397590361445784,14.0,0.1677085621016366,0.7142857142857143,8.0,0.9031500071287155,0.8912420868873596,0.9615083336830139,0.9615083336830139,0.9007297158241272,0.8656453490257263,0.0009690445478251301,0.024948645662975222,0.24375923909246922,0.28783470392227173,0.16568271815776825,0.03232565006959073,0.0,1700.0,1.0,27.548828125,0.00598575733602047,0.004928287700749934,0.005828569550067186,0.18328698857554368,0.503303940594196,0.0,0.9923802515152054,0.9979597421190154,0.9908398814737125,0.0022743614757123848,20.98682540655136,25.64385414123535,5.151973247528076,25.64385414123535,23.336612701416016,5.151973247528076,83.99129529904475,6.171904621985968,1.0071481131821538,0.9738668121659287,-0.008333333333333304,-0.30999999999999994,11.0,0.005332668742515016,0.0,0.7058876285437237,0.8202213508846035,0.6808194153079252,0.043606838985685445,0.2857142857142857,6311.0,4.500102925744812,5.063976119733915,2.2697958603204995,0.8578455946464594,0.9102601872597852,0.9311925078408693,0.9025075299696462,0.008275070550892659,0.9838512302376679,0.9865148021413166,0.9955243110204308,0.9955243110204308,0.9815979855304581,0.9805751847513472,3.325431972003522e-05,0.004725011401132955,8.0,0.861793386,0.8402674689999999,0.9264906287750001,1.0,0.3507736398929276,0.006203803755869153,0.3507736398929276,0.3507736398929276,0.3507736398929276,0.34456983613705844,0.0,0.009741886854210432,3.0,0.09901333333333333,0.9998926732401848,0.9999799140829366,0.9998054965840639,5.282765119419082e-05,0.0,10.0,0.0
/Users/lachlants/Documents/GIFs/Email/http___i6.cmail19.com_ei_i_BB_5DC_A14_csimport_TSP47-Tenth-birthday_300-x-2501.161650.gif,real,,8,300,250,100,48.09,25.98,1.851063829787234,True,,6.55,1.0,0.0,0.0,0.0,0.9999837620913428,0.9999841912387024,0.999999116043168,0.999999116043168,0.9999829302373267,0.9999700913434846,5.403558039359919e-11,7.498395008307784e-06,208.875,209.5,72.0,0.7374365743071538,8.0,0.0,8.0,1.060827374458313,0.3909514557647829,1.060827374458313,8.333333333333332,0.0,0.0,0.0,0.8146116654122303,0.0013753923981693061,0.8146116654122303,0.8146116654122303,0.8146116654122303,0.813236273014061,0.0,4.806732688305488,0.10079823183446983,0.4939113359889017,0.0,100.0,0.8980393352821207,0.9405940594059405,0.8873818331278257,0.016408887099497168,0.5037552694710209,0.23564954682779457,14.0,0.16821582743099756,0.7142857142857143,8.0,0.9040406346321106,0.8953549861907959,0.9596867561340332,0.9596867561340332,0.8994621634483337,0.8693558573722839,0.0008647163436903168,0.023636309612192177,0.23335848189890385,0.27605465054512024,0.16521015763282776,0.0289391103393948,0.0,1700.0,1.0,25.978515625,0.00686279684305191,0.0055996326700551435,0.006707324273884296,0.18394467334396072,0.5028407424688336,0.0,0.9942179142824504,0.9989792643901306,0.9928194040927047,0.0019019513665308387,32.56761509180069,40.085906982421875,7.784613132476807,40.085906982421875,36.692840576171875,7.784613132476807,210.06356643934737,9.734624521948673,1.0727229785440435,1.0049729704730332,-0.06966666666666665,-0.48999999999999994,11.0,0.0063992024910180184,0.0,0.6679993975439066,0.7843686630219162,0.6420177299822996,0.0444761150687316,0.2857142857142857,6515.0,5.6024503464747335,6.331343221025209,2.7900919577097825,1.0863540891835552,0.8753940397855686,0.9025469155591644,0.8654027890405029,0.010816983865162652,0.9877336472647198,0.989423223010948,0.997719831827932,0.997719831827932,0.9856909022805124,0.9846657269848983,2.5273231328186827e-05,0.004001091440866468,8.0,0.868079682609375,0.847030585125,0.9156475023937499,1.0,0.3524422717027641,0.00787243556570566,0.3524422717027641,0.3524422717027641,0.3524422717027641,0.34456983613705844,0.0,0.00970502132415927,3.0,0.09901333333333333,0.9999051603170308,0.9999757292493092,0.9998251015855992,3.975101513969435e-05,0.0,10.0,0.0
/Users/lachlants/Documents/GIFs/Email/http___i6.cmail19.com_ei_i_BB_5DC_A14_csimport_TSP47-Tenth-birthday_300-x-2501.161650.gif,real,,8,300,250,140,48.09,23.58,2.0389217837770692,True,,6.9,1.0,0.0,0.0,0.0,0.999984592220715,0.9999880011312916,0.9999983292709829,0.9999983292709829,0.9999817750201407,0.9999778439243072,4.660868338768937e-11,6.321963708473458e-06,208.25,209.5,72.0,0.714687579926634,8.0,0.0,8.0,1.6595079898834229,0.6462001805969825,1.6595079898834229,19.444444444444446,0.0,0.0,0.0,0.8155796722191304,0.0023433992050694297,0.8155796722191304,0.8155796722191304,0.8155796722191304,0.813236273014061,0.0,5.169610275790352,0.09762305294397729,0.47835295942548817,0.0,100.0,0.7962299657493964,0.8215418394730422,0.7843470863462356,0.012999377116990158,0.5108034287070871,0.2345679012345679,14.0,0.16723619954926625,0.7142857142857143,8.0,0.8895576745271683,0.8853840827941895,0.9562326073646545,0.9562326073646545,0.8828580975532532,0.8523855209350586,0.0011566347472569622,0.027388285125609292,0.24269543960690498,0.285169392824173,0.16922661662101746,0.030369456870841534,0.0,1700.0,1.0,23.5849609375,0.02004733681678772,0.01648672722512856,0.019857994746416807,0.1829648039170674,0.5005164474248883,0.0,0.986594602350147,0.996621714508469,0.9834937593056081,0.0041852864469811915,76.42896890640259,83.16191101074219,16.763599395751953,88.98872375488281,87.00898742675781,16.763599395751953,1039.7722579887325,22.92354163313298,1.078663425869235,0.9663059149312619,-0.09266666666666665,-0.87,11.0,0.011731871233533036,0.0,0.5945069759806005,0.7177426142760013,0.5727490931896626,0.04677993197543091,0.2857142857142857,6868.0,8.573860857675815,9.433383473329323,4.094337479465017,1.7081799962583322,0.7851949829206801,0.8379887192025178,0.7596181955542473,0.022476572437536604,0.9728889259437966,0.9782994390417699,0.9930394315732459,0.9930394315732459,0.9687330335152857,0.966544236643856,9.995383123079199e-05,0.00829922417603273,8.0,0.7031631250625,0.6654741774999999,0.81678580539375,1.0,0.35761222820306243,0.013042392066003994,0.35761222820306243,0.35761222820306243,0.35761222820306243,0.34456983613705844,0.0,0.009929460800115378,3.0,0.09901333333333333,0.9998629157337534,0.999978301109161,0.9997854651530848,5.1857755955323155e-05,0.0,10.0,0.0
/Users/lachlants/Documents/GIFs/Email/http___i6.cmail19.com_ei_i_BB_5DC_A14_csimport_TSP47-Tenth-birthday_300-x-2501.161650.gif,real,,8,300,250,200,48.09,20.87,2.3045818317966957,True,,6.48,1.0,0.0,0.0,0.0,0.9999781622139623,0.9999722531029358,0.9999958106983367,0.9999958106983367,0.999973638965947,0.9999722531029358,1.16496292723595e-10,7.738606201049722e-06,207.125,209.5,72.0,0.6745347133575833,8.0,0.0,8.0,2.5379412174224854,1.0216801379962515,2.43776273727417,51.388888888888886,18.055555555555554,0.0,0.0,0.7628233176594923,0.05041295535456869,0.7628233176594923,0.7628233176594923,0.7628233176594923,0.813236273014061,0.0,20.891068713535415,0.8188570783507249,1.7998279697009418,0.0,99.96015812897522,0.6878494749577306,0.740473061760841,0.6668354430379747,0.021809321579929136,0.5146154588704827,0.38652482269503546,14.0,0.1720861549888338,0.7142857142857143,8.0,0.833530530333519,0.8486500978469849,0.9339861273765564,0.9339861273765564,0.8184922337532043,0.7919235825538635,0.0023922860185392222,0.04073919485253439,0.3031161855906248,0.3389904201030731,0.21031133830547333,0.038056635377647356,0.0,1700.0,1.0,20.8662109375,0.08508741110563278,0.07391002075746655,0.0849505040794611,0.1882207921839186,0.5051334664225575,0.0,0.9441860988153687,0.984076359774363,0.9274216009706875,0.01750365693019625,185.29006338119507,196.02928161621094,44.181880950927734,218.56837463378906,215.11607360839844,44.181880950927734,5848.937437424155,54.63121057575899,0.9996015812897522,0.924784977402153,1.1102230246251566e-17,-0.35,11.0,0.02239720871856307,0.0,0.5169098442864148,0.6335672338218873,0.49469861345225424,0.04438637584886242,0.2857142857142857,6445.0,13.366596617931542,14.784058124675683,6.646945234536519,2.573744011104466,0.6329869716724638,0.6973520831268979,0.59370074856088,0.0313466475173274,0.894937352076695,0.9216553811158014,0.9694369778435717,0.9694369778435717,0.8807880752110563,0.8639674502510993,0.001312427290635166,0.032054148316724464,8.0,0.443404237,0.38053526299999996,0.60437638454375,1.0,0.36887047016827457,0.02430063403121613,0.36887047016827457,0.36887047016827457,0.36887047016827457,0.34456983613705844,0.0,0.0103796543029492,3.0,0.09901333333333333,0.9994320286561761,0.999947589384445,0.9992655345828716,0.00021573323875199058,0.0,10.0,0.0
/Users/lachlants/Documents/GIFs/Email/https___i1.cmail20.com_ei_i_B2_30B_6B5_csimport_CWF-Billbaord-970x25090.165838.gif,real,,2,970,250,0,41.37,41.37,1.0,True,,8.87,1.0,0.0,0.0,0.0,1.0,1.0,1.0,1.0,1.0,1.0,0.0,0.0,127.0,127.0,18.0,1.0,2.0,1.0,2.0,0.0,0.0,0.0,0.0,0.0,0.0,0.0,0.8999521175367291,0.0,0.8999521175367291,0.8999521175367291,0.8999521175367291,0.8999521175367291,0.0,6.652124002425921,0.0665212400242592,0.6727717852031996,0.0,100.0,1.0,1.0,1.0,0.0,0.4771480364592869,0.17515151515151514,22.0,0.19841958165168763,1.0,2.0,1.0,1.0,1.0,1.0,1.0,1.0,0.0,0.0,0.0,0.0,0.0,0.0,0.0,400.0,1.0,41.3681640625,0.0,0.0,0.0,0.21841958165168762,0.21841958165168762,0.0,1.0,1.0,1.0,0.0,0.0,0.0,0.0,0.0,0.0,0.0,0.0,0.0,1.0,1.0,0.0,0.0,12.0,0.0,0.0,1.0,1.0,1.0,0.0,0.0,8792.0,0.0,0.0,0.0,0.0,1.0,1.0,1.0,0.0,1.0,1.0,1.0,1.0,1.0,1.0,0.0,0.0,2.0,1.0,1.0,1.0,1.0,1.0,0.0,1.0,1.0,1.0,1.0,0.0,0.0,3.0,0.06192577319587629,1.0,1.0,0.9999999999999999,7.850462293418876e-17,0.0,10.0,0.0
/Users/lachlants/Documents/GIFs/Email/https___i1.cmail20.com_ei_i_B2_30B_6B5_csimport_CWF-Billbaord-970x25090.165838.gif,real,,2,970,250,20,41.37,31.07,1.331353322018983,True,,9.0,1.0,0.0,0.0,0.0,0.9999946146193391,0.9999947247126537,0.9999945045260246,0.9999947247126537,0.9999945045260246,0.9999945045260246,1.0773811479384693e-14,1.1009331457589866e-07,126.0,127.0,18.0,0.9932358979146001,2.0,1.0,2.0,0.2963220775127411,0.16920931306150225,0.2963220775127411,0.0,0.0,0.0,0.0,0.899849352566873,0.00010276496985606176,0.899849352566873,0.899849352566873,0.899849352566873,0.8999521175367291,0.0,63.72123314672186,1.42200372216042,1.767316108438394,0.0,99.06057548570296,0.9863573691165457,0.9872433317415922,0.9854714064914992,0.0008859626250464769,0.5254930697017823,0.17579075425790755,22.0,0.1986539024114609,1.0,2.0,0.8459543287754059,0.8540178537368774,0.8378908038139343,0.8540178537368774,0.8378908038139343,0.8378908038139343,5.779594204824434e-05,0.008063524961471558,0.31700821220874786,0.3241427540779114,0.30987367033958435,0.007134541869163513,0.0,400.0,1.0,31.072265625,0.00014960012049414217,0.00012354231876088306,0.00014699434032081627,0.21865390241146088,0.21865390241146088,0.0,0.9980740401920571,0.998114185056497,0.9980338953276174,4.014486443976173e-05,1.2089126706123352,1.140881061553955,1.2769442796707153,1.2769442796707153,1.2769442796707153,1.140881061553955,0.004114044294286461,0.06803160905838013,0.9906057548570295,0.988444325030608,-0.004375000000000004,-0.03375,12.0,0.07042733787400912,0.0,0.9462748372235603,0.9511679950785173,0.9413816793686033,0.004893157854957031,0.0,8921.0,1.09906996649719,1.1300195926047987,1.0681203403895814,0.030949626107608652,0.9912296995784879,0.9919432745876176,0.9905161245693584,0.0007135750091295523,0.9958695265802792,0.9958165325196826,0.9959225206408757,0.9959225206408757,0.9959225206408757,0.9958165325196826,2.496329296454641e-09,5.29940605965562e-05,2.0,0.9674893565,0.967050347375,0.9678844647125,1.0,1.0,0.0,1.0,1.0,1.0,1.0,0.0,0.0,3.0,0.06192577319587629,0.999904001083973,0.9999557944097295,0.9998522077582167,5.179332575638851e-05,0.0,10.0,0.0
/Users/lachlants/Documents/GIFs/Email/https___i1.cmail20.com_ei_i_B2_30B_6B5_csimport_CWF-Billbaord-970x25090.165838.gif,real,,2,970,250,40,41.37,27.1,1.526742593526995,True,,9.24,1.0,0.0,0.0,0.0,0.9999899705673859,0.9999905911083227,0.9999893500264492,0.9999905911083227,0.9999893500264492,0.9999893500264492,3.4228538149183376e-13,6.20540936746572e-07,126.0,127.0,18.0,0.9805948565359938,2.0,1.0,2.0,0.544720470905304,0.3289254489872191,0.544720470905304,0.0,0.0,0.0,0.0,0.8993960979422179,0.0005560195945112367,0.8993960979422179,0.8993960979422179,0.8993960979422179,0.8999521175367291,0.0,42.770242517020854,1.614548562613885,1.9772406903759654,0.0,96.15311189302794,0.9534799926738307,0.9538854530787846,0.9530745322688768,0.00040546040495387237,0.5463977598455091,0.17621951219512194,22.0,0.19803766489028932,1.0,2.0,0.8063281178474426,0.8110322952270508,0.8016239404678345,0.8110322952270508,0.8016239404678345,0.8016239404678345,1.967047539450404e-05,0.004704177379608154,0.34663228690624237,0.34911566972732544,0.3441489040851593,0.002483382821083069,0.0,400.0,1.0,27.095703125,0.00037189037539064884,0.0003383043367648497,0.00036853177152806893,0.2180376648902893,0.2180376648902893,0.0,0.9947611149847981,0.9947907914959888,0.9947314384736075,2.9676511190679378e-05,5.1962199211120605,4.941700458526611,5.45073938369751,5.45073938369751,5.45073938369751,4.941700458526611,0.057582361630920786,0.2545194625854492,0.9615311189302794,0.9343709295726652,-0.11875000000000002,-0.27,12.0,0.07042733787400912,0.0,0.8195828886388272,0.8238407907773714,0.8153249865002832,0.004257902138544101,0.0,9163.0,2.2788377198051717,2.3346818592042706,2.2229935804060728,0.055844139399098935,0.9645074875100127,0.9654826845353283,0.9635322904846971,0.0009751970253155662,0.9883872641184697,0.9883285854797437,0.9884459427571957,0.9884459427571957,0.9884459427571957,0.9883285854797437,3.060606793542991e-09,5.8678638725995214e-05,2.0,0.8806256894375,0.877987957625,0.88299964806875,1.0,1.0,0.0,1.0,1.0,1.0,1.0,0.0,0.0,3.0,0.06192577319587629,0.999807168934972,0.9998417012738048,0.9997726365961392,3.453233883277118e-05,0.0,10.0,0.0
/Users/lachlants/Documents/GIFs/Email/https___i1.cmail20.com_ei_i_B2_30B_6B5_csimport_CWF-Billbaord-970x25090.165838.gif,real,,2,970,250,60,41.37,24.36,1.6985164394546912,True,,9.76,1.0,0.0,0.0,0.0,0.9999781913912137,0.9999797193941324,0.9999766633882949,0.9999797193941324,0.9999766633882949,0.9999766633882949,2.075371484183221e-12,1.5280029187492161e-06,126.0,127.0,18.0,0.9677889033355674,2.0,1.0,2.0,0.705402135848999,0.4443477541208267,0.705402135848999,0.0,0.0,0.0,0.0,0.8974705996784846,0.002481517858244464,0.8974705996784846,0.8974705996784846,0.8974705996784846,0.8999521175367291,0.0,48.06613316352389,1.575938335923339,1.7623307587769892,0.0,92.40380951270409,0.901456274200924,0.9035316425693293,0.8993809058325187,0.0020753683684052726,0.561746288785098,0.17974683544303796,22.0,0.20010356187820436,1.0,2.0,0.7418440878391266,0.7554970383644104,0.7281911373138428,0.7554970383644104,0.7281911373138428,0.7281911373138428,0.0001656916071518645,0.013652950525283813,0.3891073614358902,0.39664706587791443,0.38156765699386597,0.007539704442024231,0.0,400.0,1.0,24.35546875,0.0028477925807237625,0.002292441204190254,0.0027922574430704118,0.22010356187820435,0.22010356187820435,0.0,0.9865478756404427,0.9868422087398891,0.9862535425409962,0.00029433309944648656,14.860955715179443,13.872238159179688,15.8496732711792,15.8496732711792,15.8496732711792,13.872238159179688,0.8689443604818936,0.9887175559997559,0.9240380951270408,0.8757237026461869,-0.026250000000000013,-0.045000000000000005,12.0,0.07042733787400912,0.0,0.7283993894256662,0.7341867671817414,0.722612011669591,0.005787377756075185,0.0,9675.0,3.8528550880575367,3.981164813365455,3.7245453627496183,0.1283097253079184,0.8699211355651483,0.8783760069790317,0.8614662641512648,0.008454871413883458,0.9709131642590163,0.970295993868752,0.9715303346492805,0.9715303346492805,0.9715303346492805,0.970295993868752,3.3857714721684084e-07,0.0006171703902642656,2.0,0.7872146773125,0.7861693322500001,0.78815548786875,1.0,1.0,0.0,1.0,1.0,1.0,1.0,0.0,0.0,3.0,0.06192577319587629,0.9997350992108857,0.9997400967186183,0.999730101703153,4.997507732640294e-06,0.0,10.0,0.0
/Users/lachlants/Documents/GIFs/Email/https___i1.cmail20.com_ei_i_B2_30B_6B5_csimport_CWF-Billbaord-970x25090.165838.gif,real,,2,970,250,80,41.37,23.16,1.7858768971332208,True,,8.78,1.0,0.0,0.0,0.0,0.9999663171238348,0.9999705940880825,0.999962040159587,0.9999705940880825,0.999962040159587,0.999962040159587,1.6259931712567468e-11,4.276964247762471e-06,127.0,127.0,18.0,0.9508846865115401,2.0,1.0,2.0,1.126732349395752,0.695655549565951,1.126732349395752,11.11111111111111,0.0,0.0,0.0,0.8971587865192427,0.0027933310174863557,0.8971587865192427,0.8971587865192427,0.8971587865192427,0.8999521175367291,0.0,87.26916398333334,1.1078363356186263,1.6953261211452533,0.0,99.76678604129306,0.8611784101817884,0.8624445340863252,0.8599122862772517,0.0012661239045367312,0.5656836221951822,0.18199867637326275,22.0,0.20147400677204133,1.0,2.0,0.7026956975460052,0.7094739079475403,0.6959174871444702,0.7094739079475403,0.6959174871444702,0.6959174871444702,4.0839232219980204e-05,0.006778210401535034,0.4092431515455246,0.4103485345840454,0.4081377685070038,0.001105383038520813,0.0,400.0,1.0,23.1640625,0.005032265558838844,0.004741450538858771,0.005003184056840837,0.22147400677204132,0.22147400677204132,0.0,0.9790294691094709,0.9794266883111451,0.9786322499077966,0.0003972192016742371,26.667155265808105,24.815746307373047,28.518564224243164,28.518564224243164,28.518564224243164,24.815746307373047,3.0468578945543006,1.8514089584350586,0.9976678604129307,0.9547135761854826,-0.011875,-0.015,12.0,0.0,0.0,0.6776305672302301,0.6836705917146629,0.6715905427457972,0.00604002448443286,0.0,8705.0,5.1609090487512965,5.340277541873939,4.981540555628655,0.17936849312264203,0.8140049999675205,0.818262223785989,0.809747776149052,0.004257223818468492,0.955635565327131,0.9550458432637939,0.9562252873904681,0.9562252873904681,0.9562252873904681,0.9550458432637939,3.091307662102526e-07,0.0005897220633370726,2.0,0.68022670425,0.678408308375,0.6818632605375,1.0,1.0,0.0,1.0,1.0,1.0,1.0,0.0,0.0,3.0,0.06192577319587629,0.9994674431471701,0.9995339752901675,0.9994009110041726,6.653214299745525e-05,0.0,10.0,0.0
/Users/lachlants/Documents/GIFs/Email/https___i1.cmail20.com_ei_i_B2_30B_6B5_csimport_CWF-Billbaord-970x25090.165838.gif,real,,2,970,250,100,41.37,22.01,1.8797869980031063,True,,8.83,1.0,0.0,0.0,0.0,0.9999604430251284,0.9999626027064781,0.9999582833437788,0.9999626027064781,0.9999582833437788,0.9999582833437788,4.1459764728926456e-12,2.1596813496449485e-06,126.0,127.0,18.0,0.9457007830366222,2.0,1.0,2.0,1.2579715251922607,0.7773741781711578,1.2579715251922607,44.44444444444444,0.0,0.0,0.0,0.8936227473345438,0.006329370202185269,0.8936227473345438,0.8936227473345438,0.8936227473345438,0.8999521175367291,0.0,45.3936696995868,1.6122868451957273,1.9914834028826647,0.0,96.5211109230651,0.8212890633370977,0.8219109275588793,0.820667199115316,0.0006218642217816206,0.5731943356028443,0.18725617685305593,22.0,0.19973319351673127,1.0,2.0,0.6993933618068695,0.7126957178115845,0.6860910058021545,0.7126957178115845,0.6860910058021545,0.6860910058021545,0.0001572912669121567,0.013302356004714966,0.4106114059686661,0.4155091941356659,0.40571361780166626,0.004897788166999817,0.0,400.0,1.0,22.0068359375,0.004350039176642895,0.004340014653280377,0.004349036724306643,0.21973319351673126,0.21973319351673126,0.0,0.9773614464777962,0.9775868319269454,0.977136061028647,0.00022538544914918468,38.046953201293945,35.633094787597656,40.460811614990234,40.460811614990234,40.460811614990234,35.633094787597656,5.179299947886547,2.413858413696289,0.965211109230651,0.9057335464798696,-0.10625000000000001,-0.14250000000000002,12.0,0.07042733787400912,0.0,0.6467272558509696,0.6522453650851691,0.6412091466167702,0.005518109234199431,0.0,8748.0,6.16511380826495,6.360881355204657,5.969346261325243,0.19576754693970688,0.7673700466302944,0.774879133326425,0.7598609599341638,0.007509086696130596,0.9514287575676308,0.9519113972641862,0.9509461178710754,0.9519113972641862,0.9509461178710754,0.9509461178710754,2.0705873483650246e-07,0.00048263969655537586,2.0,0.6466560965625,0.645155779375,0.6480063820312499,1.0,1.0,0.0,1.0,1.0,1.0,1.0,0.0,0.0,3.0,0.06192577319587629,0.9993921755390984,0.9994428280864384,0.9993415229917585,5.0652547339935516e-05,0.0,10.0,0.0
/Users/lachlants/Documents/GIFs/Email/https___i1.cmail20.com_ei_i_B2_30B_6B5_csimport_CWF-Billbaord-970x25090.165838.gif,real,,2,970,250,140,41.37,19.86,2.082542647854088,True,,8.91,1.0,0.0,0.0,0.0,0.9999348800048724,0.9999497660634551,0.9999199939462897,0.9999497660634551,0.9999199939462897,0.9999199939462897,1.9697310233525264e-10,1.488605858268599e-05,127.0,127.0,18.0,0.9220890825755557,2.0,1.0,2.0,1.7869218587875366,1.1072350475523207,1.7869218587875366,66.66666666666666,0.0,0.0,0.0,0.8906493444913498,0.009302773045379298,0.8906493444913498,0.8906493444913498,0.8906493444913498,0.8999521175367291,0.0,53.27102063125464,1.5409513412434708,1.753581929271642,0.0,100.0,0.7279388795828845,0.736408186797348,0.719469572368421,0.008469307214463484,0.5839138177440532,0.1941294196130754,22.0,0.20700707614421845,1.0,2.0,0.6766463816165924,0.7041553258895874,0.6491374373435974,0.7041553258895874,0.6491374373435974,0.6491374373435974,0.0006726595689019949,0.027508944272994995,0.41781775653362274,0.42993083596229553,0.40570467710494995,0.01211307942867279,0.0,400.0,1.0,19.8642578125,0.012539461255073547,0.011462807655334473,0.01243179589509964,0.22700707614421844,0.22700707614421844,0.0,0.9649313189414408,0.9687275025844816,0.9611351352983999,0.0037961836430408513,80.86371231079102,68.48602294921875,93.24140167236328,93.24140167236328,93.24140167236328,68.48602294921875,136.184172383626,12.377689361572266,1.0884938715940757,1.073746313211573,-0.12125,-0.155,12.0,0.0,0.0,0.5820949939525936,0.5954956735193947,0.5686943143857924,0.013400679566801132,0.0,8839.0,8.965893497074969,9.656158743121578,8.275628251028362,0.6902652460466081,0.6088021204524309,0.6394315239497357,0.5781727169551261,0.030629403497304808,0.9273098165664153,0.9347960563265865,0.9198235768062442,0.9347960563265865,0.9198235768062442,0.9198235768062442,4.981669844157107e-05,0.007486239760171154,2.0,0.49862466131250005,0.47550073975,0.51943619071875,1.0,1.0,0.0,1.0,1.0,1.0,1.0,0.0,0.0,3.0,0.06192577319587629,0.9994606288477136,0.9995139460451776,0.9994073116502495,5.331719746404229e-05,0.0,10.0,0.0
/Users/lachlants/Documents/GIFs/Email/https___i1.cmail20.com_ei_i_B2_30B_6B5_csimport_CWF-Billbaord-970x25090.165838.gif,real,,2,970,250,200,41.37,17.99,2.299978282115322,True,,7.46,1.0,0.0,0.0,0.0,0.9998981838745207,0.9999142754393515,0.9998820923096898,0.9999142754393515,0.9998820923096898,0.9998820923096898,2.3016751884913367e-10,1.6091564830844618e-05,123.5,127.0,18.0,0.8752762600920063,2.0,1.0,2.0,3.573777675628662,2.124770654572381,3.573777675628662,100.0,44.44444444444444,11.11111111111111,0.0,0.8928063121987647,0.007145805337964384,0.8928063121987647,0.8928063121987647,0.8928063121987647,0.8999521175367291,0.0,41.47775185196426,1.6371124017480048,1.9668193716853344,0.0,100.0,0.5724285097542452,0.5732387475538161,0.5716182719546742,0.0008102377995709564,0.5858680987852583,0.192090395480226,22.0,0.20803995013237,1.0,2.0,0.6231688261032104,0.6330773830413818,0.6132602691650391,0.6330773830413818,0.6132602691650391,0.6132602691650391,8.72706671973194e-05,0.009908556938171387,0.43743081390857697,0.4389466345310211,0.4359149932861328,0.0015158206224441528,0.0,400.0,1.0,17.986328125,0.036001257598400116,0.033481206744909286,0.035749252513051034,0.22803995013237,0.22803995013237,0.0,0.9287833332579807,0.9288095636865162,0.928757102829445,2.623042853561186e-05,169.62055206298828,158.77947998046875,180.4616241455078,180.4616241455078,180.4616241455078,158.77947998046875,104.47008346523053,10.841072082519531,1.0928804358166264,1.083593992331262,-0.0675,-0.14500000000000002,12.0,0.32167579550319014,0.0,0.5168981456031931,0.5224572029027865,0.5113390883035996,0.0055590572995934395,0.0,7374.0,13.017186778296605,13.43360056520618,12.600772991387027,0.416413786909577,0.431161716605596,0.4432060076412713,0.4191174255699207,0.012044291035675309,0.8598658713914031,0.8604448169208443,0.8592869258619619,0.8604448169208443,0.8592869258619619,0.8592869258619619,2.9793593427552314e-07,0.0005789455294412105,2.0,0.27625639225,0.27549725337500003,0.2769396172375,1.0,1.0,0.0,1.0,1.0,1.0,1.0,0.0,0.0,3.0,0.06192577319587629,0.9992226512606345,0.9992597027642347,0.9991855997570342,3.705150360022724e-05,0.0,10.0,0.0
/tmp/audit_synthetic_pilot/smooth_gradient.gif,synthetic,gradient,8,120,120,0,49.34,49.34,1.0,True,,3.43,1.0,0.0,0.0,0.0,1.0,1.0,1.0,1.0,1.0,1.0,0.0,0.0,251.375,251.375,8.0,0.9626122009774735,8.0,0.0,8.0,0.0,0.0,0.0,0.0,0.0,0.0,0.0,0.9059778817282783,0.0,0.9059778817282783,0.9059778817282783,0.9059778817282783,0.9059778817282783,0.0,0.0,0.0,0.0,0.0,,1.0,1.0,1.0,0.0,0.4681433105313614,0.0,0.0,0.23929886209113255,1.0,8.0,1.0,1.0,1.0,1.0,1.0,1.0,0.0,0.0,0.0,0.0,0.0,0.0,0.0,80.0,0.0,49.33984375,0.0,0.0,0.0,0.25929886209113256,0.37263148128986356,0.0,1.0,1.0,1.0,0.0,0.0,0.0,0.0,0.0,0.0,0.0,0.0,0.0,,,,,,0.0,0.0,1.0,1.0,1.0,0.0,0.14285714285714285,3419.0,0.0,0.0,0.0,0.0,1.0,1.0,1.0,0.0,1.0,1.0,1.0,1.0,1.0,1.0,0.0,0.0,8.0,1.0,1.0,1.0,1.0,0.8990529426391782,0.0,0.8990529426391782,0.8990529426391782,0.8990529426391782,0.8990529426391782,0.0,0.0013435172987119233,0.0,0.014305555555555556,1.0,1.0,1.0,0.0,0.0,10.0,0.0
/tmp/audit_synthetic_pilot/smooth_gradient.gif,synthetic,gradient,8,120,120,20,49.34,48.7,1.0131750456213529,True,,3.41,1.0,0.0,0.0,0.0,0.9994268357699907,0.9992300960199216,0.9994322118040342,0.9997733437376601,0.9997733437376601,0.9991397604457595,5.025998546165615e-08,0.00019989693076317397,251.375,251.375,8.0,0.9593890530788413,8.0,0.0,8.0,0.18912068009376526,0.12387776840478182,0.1808176800608635,0.0,0.0,0.0,0.0,0.8991832988315159,0.00679458289676238,0.8991832988315159,0.8991832988315159,0.8991832988315159,0.9059778817282783,0.0,0.0,0.0,0.0,0.0,,1.0,1.0,1.0,0.0,0.46956724240759534,0.0,0.0,0.23957933706896645,1.0,8.0,0.9313988983631134,0.924344539642334,0.9258816242218018,0.9547915458679199,0.9547915458679199,0.9179561138153076,0.0001961295985211109,0.012189841877088537,0.1675385758280754,0.18813803791999817,0.1385715752840042,0.016268700649458588,0.0,80.0,0.0,48.6982421875,0.0007677016546949744,0.0004154502939854865,0.0006950993265490978,0.25957933706896646,0.3731621891260147,0.0,0.9970569164848374,0.9981372860300973,0.9966054286822751,0.0005182896453555299,1.1818923503160477,1.3421528339385986,1.2526156902313232,1.4465045928955078,0.7789583206176758,0.7789583206176758,0.06106180708081865,0.2188188505785624,,,,,,0.0,0.0,0.9497892968083239,0.9843132266178556,0.9305521065789408,0.017688012023180735,0.14285714285714285,3396.0,1.082053225954776,1.2027071933332352,0.8825861547847189,0.10513404071427304,0.9451479522001293,0.9687405727931566,0.9207082807961448,0.01617954290290944,0.9941087223075646,0.9935011485280608,0.9937249704998368,0.9962604277865817,0.9962604277865817,0.9931966875691491,1.5658068838290782e-06,0.0010311990658219516,8.0,0.985139027984375,0.976836703875,0.99815553268125,1.0,0.9011688034553923,0.0021158608162140657,0.9011688034553923,0.9011688034553923,0.9011688034553923,0.8990529426391782,0.0,0.0013455573014734775,0.0,0.014305555555555556,0.9998930657770007,0.9999462685077266,0.9998529641928056,3.398128241621664e-05,0.0,10.0,0.0
/tmp/audit_synthetic_pilot/smooth_gradient.gif,synthetic,gradient,8,120,120,40,49.34,40.29,1.2245867468127394,True,,3.44,1.0,0.0,0.0,0.0,0.9961573567138471,0.9961561169545865,0.9956055554135899,0.9969740545675394,0.9967480186925899,0.9954876176457024,2.1763200241550236e-07,0.000539998369340345,251.25,251.375,8.0,0.9088446815067485,8.0,0.0,8.0,1.8820273876190186,1.491205871105194,1.8809230983257295,100.0,0.0,0.0,0.0,0.8397197218788995,0.06625815984937877,0.8397197218788995,0.8397197218788995,0.8397197218788995,0.9059778817282783,0.0,0.0,0.0,0.0,0.0,,0.623,1.0,0.0,0.48260024865306483,0.4885553886390233,0.0,0.0,0.25107619813510346,1.0,8.0,0.390772707760334,0.3816351890563965,0.391389399766922,0.39697250723838806,0.3873756527900696,0.3816351890563965,1.60230794730154e-05,0.004911362828532905,0.44897571206092834,0.45350927114486694,0.44615665078163147,0.002299165878812126,0.0,80.0,0.0,40.291015625,0.036073070019483566,0.020422203233465552,0.03376417830586433,0.2710761981351035,0.3868776530027389,0.0,0.9417879816158163,0.9433845738958386,0.9400065172794982,0.0010995642779814412,32.45151948928833,32.36636734008789,31.241273880004883,34.230438232421875,34.230438232421875,31.241273880004883,1.519522123480985,0.9054538534135161,,,,,,0.008945685155896598,0.0,0.6604026075652352,0.6636703273761347,0.655733576319597,0.002409184153585057,0.14285714285714285,3431.0,5.696072524950051,5.8506784420630975,5.589389401357261,0.0792292862361361,0.41844713756248697,0.45040142436845837,0.38245232377991856,0.021982339068252213,0.8882772907225969,0.8844794148813998,0.8873020292230505,0.8914528894769046,0.8897305882410342,0.8844794148813998,4.604430253161848e-06,0.002102483635792292,8.0,0.7272463724531251,0.72089958525,0.732964447375,1.0,0.9184359031809298,0.019382960541751593,0.9184359031809298,0.9184359031809298,0.9184359031809298,0.8990529426391782,0.0,0.0013514874990242802,0.0,0.014305555555555556,0.9731141142859898,0.9769340212813249,0.9670134522858478,0.0034313152347056454,0.0,10.0,0.0
/tmp/audit_synthetic_pilot/smooth_gradient.gif,synthetic,gradient,8,120,120,60,49.34,35.65,1.3841812553080737,True,,3.41,1.0,0.0,0.0,0.0,0.9934723443044883,0.9916292179985109,0.9940655797208506,0.9945335162711533,0.9931806845968998,0.9916292179985109,1.0139940475989627e-06,0.0010557448567605743,251.25,251.375,8.0,0.8857623429807586,8.0,0.0,8.0,2.4293670654296875,1.8701860010623932,2.425218605995178,100.0,37.5,0.0,0.0,0.8056264580196804,0.10035142370859795,0.8056264580196804,0.8056264580196804,0.8056264580196804,0.9059778817282783,0.0,0.0,0.0,0.0,0.0,,0.6182692307692308,1.0,0.0,0.4792119007891896,0.5027740606112037,0.0,0.0,0.2631476234963962,1.0,8.0,0.317010585218668,0.31544622778892517,0.3143366277217865,0.3258163034915924,0.3065353035926819,0.3065353035926819,1.5721826723059786e-05,0.005838819621380826,0.45020032301545143,0.45378634333610535,0.4475210905075073,0.002262645014543569,0.0,80.0,0.0,35.6455078125,0.07883558422327042,0.04902517655864358,0.07777231149375438,0.2831476234963962,0.39514804184436797,0.0,0.9194474553834879,0.9232635656922121,0.9163560328704454,0.002098159566500343,49.865413188934326,49.86800765991211,50.44856643676758,50.44856643676758,49.72833251953125,49.210391998291016,0.09725494819576852,0.3844239227122407,,,,,,0.008945685155896598,0.0,0.6230587680937845,0.6242047045833975,0.6220463090277661,0.00066966166378861,0.14285714285714285,3396.0,7.061492210875748,7.102715426987595,7.015011902932954,0.027220298959659085,0.35663069487174626,0.3845376128001409,0.3139904404111442,0.02290490884580882,0.8500257187696023,0.8444804221608793,0.8459469233345712,0.8564676067830622,0.8540442573797185,0.8444804221608793,1.7687154269361017e-05,0.0036804806206342526,8.0,0.5993799588125,0.5835012995,0.6155393861562499,1.0,0.9248637090808752,0.025810766441696997,0.9248637090808752,0.9248637090808752,0.9248637090808752,0.8990529426391782,0.0,0.0008391057252883926,0.0,0.014305555555555556,0.9542754480720552,0.9603219448500203,0.9466890371943075,0.004363132090873307,0.0,10.0,0.0
/tmp/audit_synthetic_pilot/smooth_gradient.gif,synthetic,gradient,8,120,120,80,49.34,34.59,1.4265465736793066,True,,4.1,1.0,0.0,0.0,0.0,0.9927309050079797,0.9912576084685505,0.9929731458567004,0.9943486847801211,0.992881403864291,0.9912576084685505,6.209107345043941e-07,0.0009192611458750579,251.375,251.375,8.0,0.8782111621131093,8.0,0.0,8.0,2.5420918464660645,1.9665970206260681,2.5173938512802123,100.0,37.5,0.0,0.0,0.7922936805089316,0.11368420121934675,0.7922936805089316,0.7922936805089316,0.7922936805089316,0.9059778817282783,0.0,0.0,0.0,0.0,0.0,,0.373991935483871,1.0,0.0,0.48282712508031217,0.5056752334915677,0.0,0.0,0.2670991059712001,1.0,8.0,0.30920740589499474,0.30690252780914307,0.308339923620224,0.3154773712158203,0.3154773712158203,0.3046855628490448,1.4059689371848094e-05,0.0034782224525810195,0.44819432124495506,0.45287078619003296,0.44548743963241577,0.0024807993538451404,0.0,80.0,0.0,34.5869140625,0.11204857379198074,0.06272576097398996,0.1038138799369335,0.28709910597120014,0.40114011764526364,0.0,0.9112487822797273,0.9177075179922873,0.9084082571689036,0.0029293157618613475,55.720703125,56.215187072753906,57.188262939453125,57.188262939453125,51.93965148925781,51.93965148925781,5.19722259146834,1.568429009443946,,,,,,0.0,0.0,0.6134482560488963,0.6195162637741441,0.6111546896711022,0.002502917397995186,0.14285714285714285,4084.0,7.463873431350999,7.562292174959463,7.206916919824858,0.10628511548034052,0.34458957358691217,0.3938176379330423,0.2978796834762289,0.027354798278469455,0.8363597842145085,0.8345574296925263,0.8311298704746376,0.8483722581073507,0.8483722581073507,0.8311298704746376,5.554417528887915e-05,0.005256510598329545,8.0,0.5577623645312499,0.53541692925,0.58651700455,1.0,0.9272615837669195,0.02820864112774124,0.9272615837669195,0.9272615837669195,0.9272615837669195,0.8990529426391782,0.0,0.000836163881547053,0.0,0.014305555555555556,0.9577464126200832,0.963799438203579,0.9524439006340462,0.0030797361568828435,0.0,10.0,0.0
/tmp/audit_synthetic_pilot/smooth_gradient.gif,synthetic,gradient,8,120,120,100,49.34,34.27,1.4395942557556416,True,,3.45,1.0,0.0,0.0,0.0,0.9938953191563562,0.9934734979228397,0.9940363394729252,0.9944279703985444,0.9939541666827567,0.9933830419577359,6.162060385633205e-08,0.00036476742704575656,251.25,251.375,8.0,0.8782637525179587,8.0,0.0,8.0,2.525728940963745,1.9763473123311996,2.519271433353424,100.0,37.5,0.0,0.0,0.7865780555937025,0.11939982613457578,0.7865780555937025,0.7865780555937025,0.7865780555937025,0.9059778817282783,0.0,0.0,0.0,0.0,0.0,,0.494140625,1.0,0.0,0.49434901732251313,0.5072176429518858,0.0,0.0,0.2684841550673757,1.0,8.0,0.3070048987865448,0.30731990933418274,0.30180343985557556,0.3106493353843689,0.3046579658985138,0.30180343985557556,5.0739663658797935e-06,0.002858425179530368,0.44845618307590485,0.45230206847190857,0.4449940025806427,0.0024277068604402186,0.0,80.0,0.0,34.2734375,0.1152791827917099,0.06522872601635754,0.11007202975451945,0.28848415506737574,0.4032951295375824,0.0,0.9103527170992096,0.9164844067397624,0.9043776968622605,0.0031512656204297994,57.99576377868652,59.467708587646484,61.09254455566406,61.09254455566406,55.33664321899414,55.33664321899414,5.870688133391216,1.993724350872246,,,,,,0.009321190528682927,0.0,0.6099881208642575,0.614013509537836,0.6054184268512722,0.0029850938313138124,0.14285714285714285,3438.0,7.614370478608183,7.816171988618473,7.438860344098022,0.1308663179993475,0.3303775614273736,0.3824551693885877,0.28346239960401287,0.03268942333859973,0.834738093338215,0.8312943516477004,0.8240324647235227,0.844419317979675,0.8399197046040324,0.8240324647235227,4.2170678482412185e-05,0.005600638007857553,8.0,0.553484414640625,0.5373995553750001,0.57979598835625,1.0,0.930175663429404,0.031122720790225822,0.930175663429404,0.930175663429404,0.930175663429404,0.8990529426391782,0.0,0.0009062686281387092,0.0,0.014305555555555556,0.954918912059229,0.9587337774116061,0.9486144978721089,0.0036034038854486626,0.0,10.0,0.0
/tmp/audit_synthetic_pilot/smooth_gradient.gif,synthetic,gradient,8,120,120,140,49.34,34.26,1.4401276971752701,True,,3.61,1.0,0.0,0.0,0.0,0.9935559687479109,0.9930500907624502,0.9927755949414008,0.994386310078121,0.9938629663443965,0.9927755949414008,2.1316569283901267e-07,0.000466427782340456,251.25,251.375,8.0,0.8760349046045001,8.0,0.0,8.0,2.530005693435669,1.9910952150821686,2.5232471108436583,100.0,50.0,0.0,0.0,0.8002560417811077,0.10572183994717066,0.8002560417811077,0.8002560417811077,0.8002560417811077,0.9059778817282783,0.0,0.0,0.0,0.0,0.0,,0.622983870967742,1.0,0.0,0.4825881853710568,0.5066357189071625,0.0,0.0,0.2678749019333294,1.0,8.0,0.3056921623647213,0.3013264238834381,0.3057303726673126,0.3132423460483551,0.30362367630004883,0.3013264238834381,3.234478126717338e-06,0.0035776117002242667,0.44814181327819824,0.4519997835159302,0.44510674476623535,0.0023639885766903812,0.0,80.0,0.0,34.2607421875,0.11250375211238861,0.0662876192945987,0.10765869431197643,0.28787490193332943,0.4006182789802551,0.0,0.9094884001382693,0.912563488100957,0.9073136427729462,0.0021313782207034665,58.794230461120605,60.85252380371094,59.82622528076172,60.85252380371094,55.61486053466797,55.61486053466797,5.135777578081211,1.5512078946481165,,,,,,0.011967211387974217,0.0,0.608779814496466,0.6135779007774637,0.6057603541267583,0.0023174441637758766,0.14285714285714285,3598.0,7.667064989161922,7.800802766620301,7.457537162808373,0.10170994586620712,0.3283741944092704,0.38218343291401435,0.27743791528330314,0.03223884102365654,0.8330655202992263,0.8289363268360044,0.828607653125986,0.8391457637864641,0.8391457637864641,0.828607653125986,2.3932489505061198e-05,0.0038851345652212445,8.0,0.5465202076875,0.53362895325,0.5648810486875,1.0,0.9274079885978479,0.028355045958669667,0.9274079885978479,0.9274079885978479,0.9274079885978479,0.8990529426391782,0.0,0.0010724112413984304,0.0,0.014305555555555556,0.9539289203348638,0.9590114194054596,0.9489349976282433,0.002678530397511523,0.0,10.0,0.0
/tmp/audit_synthetic_pilot/smooth_gradient.gif,synthetic,gradient,8,120,120,200,49.34,34.26,1.4401276971752701,True,,3.47,1.0,0.0,0.0,0.0,0.9935559687479109,0.9930500907624502,0.9927755949414008,0.994386310078121,0.9938629663443965,0.9927755949414008,2.1316569283901267e-07,0.000466427782340456,251.25,251.375,8.0,0.8760349046045001,8.0,0.0,8.0,2.530005693435669,1.9910952150821686,2.5232471108436583,100.0,50.0,0.0,0.0,0.8002560417811077,0.10572183994717066,0.8002560417811077,0.8002560417811077,0.8002560417811077,0.9059778817282783,0.0,0.0,0.0,0.0,0.0,,0.622983870967742,1.0,0.0,0.4825881853710568,0.5066357189071625,0.0,0.0,0.2678749019333294,1.0,8.0,0.3056921623647213,0.3013264238834381,0.3057303726673126,0.3132423460483551,0.30362367630004883,0.3013264238834381,3.234478126717338e-06,0.0035776117002242667,0.44814181327819824,0.4519997835159302,0.44510674476623535,0.0023639885766903812,0.0,80.0,0.0,34.2607421875,0.11250375211238861,0.0662876192945987,0.10765869431197643,0.28787490193332943,0.4006182789802551,0.0,0.9094884001382693,0.912563488100957,0.9073136427729462,0.0021313782207034665,58.794230461120605,60.85252380371094,59.82622528076172,60.85252380371094,55.61486053466797,55.61486053466797,5.135777578081211,1.5512078946481165,,,,,,0.011967211387974217,0.0,0.608779814496466,0.6135779007774637,0.6057603541267583,0.0023174441637758766,0.14285714285714285,3460.0,7.667064989161922,7.800802766620301,7.457537162808373,0.10170994586620712,0.3283741944092704,0.38218343291401435,0.27743791528330314,0.03223884102365654,0.8330655202992263,0.8289363268360044,0.828607653125986,0.8391457637864641,0.8391457637864641,0.828607653125986,2.3932489505061198e-05,0.0038851345652212445,8.0,0.5465202076875,0.53362895325,0.5648810486875,1.0,0.9274079885978479,0.028355045958669667,0.9274079885978479,0.9274079885978479,0.9274079885978479,0.8990529426391782,0.0,0.0010724112413984304,0.0,0.014305555555555556,0.9539289203348638,0.9590114194054596,0.9489349976282433,0.002678530397511523,0.0,10.0,0.0
/tmp/audit_synthetic_pilot/photographic_noise.gif,synthetic,noise,8,140,140,0,215.12,215.12,1.0,True,,3.59,1.0,0.0,0.0,0.0,1.0,1.0,1.0,1.0,1.0,1.0,0.0,0.0,256.0,256.0,32.0,0.9886999015411306,8.0,0.0,8.0,0.0,0.0,0.0,0.0,0.0,0.0,0.0,0.577385347139208,0.0,0.577385347139208,0.577385347139208,0.577385347139208,0.577385347139208,0.0,0.0,0.0,0.0,0.0,,1.0,1.0,1.0,0.0,0.47444446721457517,0.0,0.0,0.15675651397023885,1.0,8.0,1.0,1.0,1.0,1.0,1.0,1.0,0.0,0.0,0.0,0.0,0.0,0.0,0.0,80.0,0.0,215.1171875,0.0,0.0,0.0,0.1767565139702388,0.187411268055439,0.0,1.0,1.0,1.0,0.0,0.0,0.0,0.0,0.0,0.0,0.0,0.0,0.0,,,,,,0.0,0.0,1.0,1.0,1.0,0.0,0.7142857142857143,3579.0,0.0,0.0,0.0,0.0,1.0,1.0,1.0,0.0,1.0,1.0,1.0,1.0,1.0,1.0,0.0,0.0,8.0,1.0,1.0,1.0,1.0,0.969489734161053,0.0,0.969489734161053,0.969489734161053,0.969489734161053,0.969489734161053,0.0,0.0023825800502108754,0.0,0.3684183673469388,1.0,1.0,0.9999999999999999,5.551115123125783e-17,0.0,10.0,0.0
/tmp/audit_synthetic_pilot/photographic_noise.gif,synthetic,noise,8,140,140,20,215.12,191.41,1.1238431476587452,True,,3.66,1.0,0.0,0.0,0.0,0.9999746920461206,0.9999830353988302,0.9999638328356801,0.9999830353988302,0.9999743587512142,0.9999638328356801,6.164639369026881e-11,6.648105392940309e-06,274.875,256.0,32.0,0.9683019769600881,8.0,0.0,8.0,0.6105935573577881,0.4950094921514392,0.5415151238441467,0.0,0.0,0.0,0.0,0.57734836769104,3.6979448167939744e-05,0.57734836769104,0.57734836769104,0.57734836769104,0.577385347139208,0.0,0.0,0.0,0.0,0.0,,0.8615942401074248,0.8699132755170114,0.8541582423507211,0.00541936214774862,0.48945056287979377,0.0,0.0,0.15236112696783885,1.0,8.0,0.9615715593099594,0.9635895490646362,0.9636886119842529,0.9636886119842529,0.9619461297988892,0.9577015042304993,6.38542723486858e-07,0.0018986081486636797,0.04383158264681697,0.04866747558116913,0.04085754603147507,0.0023905666325399477,0.0,80.0,0.0,191.412109375,0.007210968062281609,0.003734589961823076,0.006234193174168466,0.17236112696783884,0.18034802973270417,0.0,0.996157730562192,0.9975584083260602,0.9920213291747773,0.001640689412079556,6.777357578277588,4.503384590148926,5.783163070678711,11.374574661254883,6.639677047729492,4.503384590148926,0.7705771796028987,1.8689941417209477,,,,,,0.46010110984159125,0.0,0.7991529828911177,0.831908269252877,0.7514290377445059,0.02100252821817949,0.7142857142857143,3646.0,2.582021706636846,3.372621333807708,2.1221179491604434,0.3324477172936171,0.9978615469117289,0.9998177966860853,0.9946207764460856,0.001665302179401519,0.9944510909207427,0.9964640196524216,0.9960635126180839,0.9964640196524216,0.9945526804830995,0.98853697506834,6.773596716489101e-07,0.0023634813188666776,8.0,0.9038738953125001,0.7444079876249999,0.963569267525,1.0,0.9694974797907889,7.745629735933512e-06,0.9694974797907889,0.9694974797907889,0.9694974797907889,0.969489734161053,0.0,0.002878541522406123,0.0,0.3684183673469388,0.9999692874783408,0.9999876896648974,0.9999174093345069,2.1108717809622944e-05,0.0,10.0,0.0
/tmp/audit_synthetic_pilot/photographic_noise.gif,synthetic,noise,8,140,140,40,215.12,156.81,1.3718627389923397,True,,3.56,1.0,0.0,0.0,0.0,0.9999278118719638,0.9999291623744442,0.9999150960778016,0.9999662680590051,0.9999662680590051,0.99988938514661,4.659182431407982e-10,2.0338902162967508e-05,271.75,256.0,32.0,0.9135697408461539,8.0,0.0,8.0,2.1734447479248047,1.9799181818962097,2.143193507194519,100.0,43.75,0.0,0.0,0.5775971898925957,0.0002118427533877032,0.5775971898925957,0.5775971898925957,0.5775971898925957,0.577385347139208,0.0,0.0,0.0,0.0,0.0,,0.6700480697837199,0.6812611540749554,0.6503831417624522,0.009495981394040261,0.5090806523570599,0.0,0.0,0.15132065338747844,1.0,8.0,0.8667642697691917,0.8676624298095703,0.8681241869926453,0.870015025138855,0.8659008145332336,0.8641399145126343,9.177659079126796e-07,0.0018046580774657506,0.0947578763589263,0.09746144711971283,0.09231196343898773,0.0018234641690325953,0.0,80.0,0.0,156.806640625,0.02067960612475872,0.01568121137097478,0.019514967408031225,0.17132065338747843,0.17927463799715043,0.0,0.979889250065783,0.9810775189529207,0.9761957491506511,0.0015380635563800888,37.777695655822754,35.57419967651367,36.833213806152344,42.3930778503418,37.09729766845703,35.57419967651367,0.44163159533571966,1.8723490861429442,,,,,,0.40365180955787766,0.0,0.647270461869213,0.6523890420402911,0.6371570816632999,0.00414719626943461,0.5714285714285714,3541.0,6.1445392416324545,6.510996686402305,5.964411092179485,0.14944284479899075,0.9945490973106467,0.9990717275406329,0.9897094374935064,0.0032475656548490886,0.9703735807009399,0.9721807454928657,0.9722626945912288,0.9722626945912288,0.9698418756604842,0.9647026001751039,1.2597102269998333e-06,0.0023454320982400777,8.0,0.67415277753125,0.5849349005,0.7077246713625,1.0,0.969660860668441,0.00017112650738804192,0.969660860668441,0.969660860668441,0.969660860668441,0.969489734161053,0.0,0.0022954781017978133,0.0,0.3684183673469388,0.9999338752704007,0.9999712003008618,0.9998751492031954,2.9931484988132315e-05,0.0,10.0,0.0
/tmp/audit_synthetic_pilot/photographic_noise.gif,synthetic,noise,8,140,140,60,215.12,131.88,1.6311479051582425,True,,5.67,1.0,0.0,0.0,0.0,0.9998126130157716,0.9998419610302727,0.999772995776063,0.9998978745909943,0.9997741395745317,0.9997513356482117,1.0396960468852562e-09,5.0225940997151925e-05,267.625,256.0,32.0,0.8342739544606425,8.0,0.0,8.0,4.600644111633301,4.122535414993763,4.547149109840393,100.0,100.0,100.0,0.0,0.5776318281389422,0.0002464809997342332,0.5776318281389422,0.5776318281389422,0.5776318281389422,0.577385347139208,0.0,0.0,0.0,0.0,0.0,,0.5186392345433839,0.5269578477290056,0.5073004720605994,0.006602105072901247,0.5148756255138415,0.0,0.0,0.1457354235649109,1.0,8.0,0.7634370476007462,0.7635746002197266,0.7660923004150391,0.7668971419334412,0.7656298279762268,0.759685754776001,1.197406240136287e-06,0.002475032572948168,0.13953285478055477,0.1425565481185913,0.13487358391284943,0.0022084647047112623,0.0,80.0,0.0,131.880859375,0.04137406498193741,0.036754888482391834,0.04120172057300806,0.1657354235649109,0.17811549901962279,0.0,0.939658079486652,0.9409386354801342,0.9363074193195633,0.0014381149871054454,115.02811813354492,112.37712860107422,114.55078125,119.04351806640625,111.88214111328125,111.88214111328125,1.3434909589511033,2.2955355703061504,,,,,,0.2906830047799518,0.0,0.5504725283732186,0.5528639170260322,0.547474919865156,0.001730665842613204,0.8571428571428571,5660.0,10.724583183473321,10.910706579612809,10.577435469587193,0.10692836062609887,0.9912094601745305,0.9963457607804382,0.9819280471829291,0.004736881885441368,0.9083871870750173,0.9098744359101236,0.910286246750546,0.910286246750546,0.9090785811029072,0.9038683650555225,2.512699287717683e-07,0.001956278507652809,8.0,0.3452842518125,0.2758892995,0.38572819935625,1.0,0.9697831276426297,0.0002933934815767536,0.9697831276426297,0.9697831276426297,0.9697831276426297,0.969489734161053,0.0,0.0038368312230025554,0.0,0.3684183673469388,0.9998561124929463,0.9999079944364722,0.99979319382583,3.472400878405188e-05,0.0,10.0,0.0
/tmp/audit_synthetic_pilot/photographic_noise.gif,synthetic,noise,8,140,140,80,215.12,111.5,1.9293359258675356,True,,3.53,1.0,0.0,0.0,0.0,0.9997276699595188,0.9997450777141916,0.9998842978782438,0.9998842978782438,0.9996662676146895,0.9996033142541645,8.125609076428804e-09,8.50218733435459e-05,265.25,256.0,32.0,0.7488326593511605,8.0,0.0,8.0,7.639045715332031,7.069581046700478,7.530132579803467,100.0,100.0,100.0,100.0,0.5774340057373047,4.865859809677353e-05,0.5774340057373047,0.5774340057373047,0.5774340057373047,0.577385347139208,0.0,0.0,0.0,0.0,0.0,,0.4373248563660582,0.45064466219700877,0.4258117550349363,0.0070011897087458655,0.5141522359033629,0.0,0.0,0.14039750831467765,1.0,8.0,0.6971579119563103,0.6964907646179199,0.7012372016906738,0.7035879492759705,0.7035879492759705,0.692510187625885,8.713856573984282e-06,0.0037603189957623774,0.16536345519125462,0.1679375320672989,0.16144351661205292,0.0019672809753093837,0.0,80.0,0.0,111.498046875,0.08514878153800964,0.06333432253450155,0.08006258159875869,0.16039750831467764,0.16920655667781828,0.0,0.8908593543440992,0.8936296190639286,0.8883275732462823,0.0016884399959932322,270.9143295288086,272.31365966796875,267.0745849609375,275.800537109375,263.2027587890625,263.2027587890625,13.938606279591719,3.936874075217966,,,,,,0.23895279384839374,0.0,0.47605891069415895,0.47855798597596516,0.4744970537689524,0.0012685858697641576,0.8571428571428571,3512.0,16.459038720418118,16.60724351327983,16.223524857103726,0.11989131989317504,0.9777430115583489,0.9964063005087178,0.9625723107707074,0.010643781444926162,0.8300674115980708,0.8305086841988735,0.833916190481511,0.833916190481511,0.8328772618163957,0.8258491788272588,2.0334035297377385e-06,0.0025734621932148104,8.0,0.10358535953125,0.05249419875000001,0.14339202343125,1.0,0.9695853537375825,9.561957652948205e-05,0.9695853537375825,0.9695853537375825,0.9695853537375825,0.969489734161053,0.0,0.0048562591225237844,0.0,0.3684183673469388,0.9998024210328369,0.9999661594994887,0.9996077172037656,0.00012520215693890698,0.0,10.0,0.0
/tmp/audit_synthetic_pilot/photographic_noise.gif,synthetic,noise,8,140,140,100,215.12,86.48,2.4874936480153576,True,,3.72,1.0,0.0,0.0,0.0,0.9994839102843291,0.9997481420321581,0.99943369006672,0.9997481420321581,0.999373288758532,0.9989939678541191,2.700481481632149e-08,0.00021734811318648305,263.0,256.0,32.0,0.6789216174068059,8.0,0.0,8.0,11.556112289428711,11.049613207578659,11.530718421936035,100.0,100.0,100.0,100.0,0.5783983150865525,0.001012967947344512,0.5783983150865525,0.5783983150865525,0.5783983150865525,0.577385347139208,0.0,0.0,0.0,0.0,0.0,,0.3533372935353595,0.36032624526653073,0.3475920125293657,0.004450512183354233,0.5277926261373698,0.0,0.0,0.1376911062002182,1.0,8.0,0.6273101270198822,0.6232972145080566,0.6316671371459961,0.6324768662452698,0.6324768662452698,0.6232972145080566,1.721969691064689e-05,0.003186688883963415,0.18992064893245697,0.19163838028907776,0.18771953880786896,0.0015331234111545483,0.0,80.0,0.0,86.4794921875,0.10588251799345016,0.0920436680316925,0.10479296222329139,0.1576911062002182,0.1715318351984024,0.0,0.809128450612443,0.8127234482315823,0.8043874802075438,0.0027024965567165817,532.7279891967773,535.2506103515625,533.2352905273438,535.2506103515625,532.3097534179688,526.3530883789062,1.5074191598428621,2.6067926133201667,,,,,,0.1873678877092695,0.0,0.4173160185400792,0.41836063874749985,0.4169046376269272,0.00042674633039598903,0.7142857142857143,3705.0,23.080831600232507,23.135483793332753,22.9423862834472,0.05658479023420849,0.970095782272621,0.9983304237326297,0.9434311860197448,0.015919738644108828,0.6980000111638945,0.6915613222024368,0.7030820711255779,0.7030820711255779,0.6954780959634742,0.6915613222024368,2.287657896789949e-05,0.0037663059373343293,8.0,0.0,0.0,0.0,1.0,0.9699058342110528,0.0004161000499998124,0.9699058342110528,0.9699058342110528,0.9699058342110528,0.969489734161053,0.0,0.002248689547274607,0.0,0.3684183673469388,0.9997164561129855,0.9998506978118702,0.9993639459926693,0.00015402265792434114,0.0,10.0,0.0
/tmp/audit_synthetic_pilot/photographic_noise.gif,synthetic,noise,8,140,140,140,215.12,57.98,3.710103919289913,True,,3.58,1.0,0.0,0.0,0.0,0.9991380508181058,0.9993314733325385,0.9994954594722174,0.9994954594722174,0.9988971928131327,0.9986978072931232,6.37126687682761e-08,0.00026751547076683547,261.125,256.0,32.0,0.6726786325181714,8.0,0.0,8.0,18.497621536254883,16.88407725095749,18.383558654785155,100.0,100.0,100.0,100.0,0.5774520149230957,6.666778388775274e-05,0.5774520149230957,0.5774520149230957,0.5774520149230957,0.577385347139208,0.0,0.0,0.0,0.0,0.0,,0.25957459019460816,0.26648979965236486,0.2521834061135371,0.004562123391245461,0.5851530061274616,0.0,0.0,0.13707101140703473,1.0,8.0,0.5569953247904778,0.5562118291854858,0.5574080348014832,0.5634744763374329,0.5634744763374329,0.5529577136039734,1.0108740493169282e-05,0.0028681644139126974,0.21461790427565575,0.21721404790878296,0.21352162957191467,0.0011622254812044919,0.0,80.0,0.0,57.9814453125,0.15326863527297974,0.1350096557289362,0.14969685375690459,0.15707101140703475,0.1675039052963257,0.0,0.6267523688914713,0.6348114795074786,0.6182492398143998,0.005272300161207371,960.7227935791016,961.65576171875,970.8949584960938,970.8949584960938,954.4923706054688,950.9802856445312,45.08020209355487,5.901614004847108,,,,,,0.14855688251110855,0.0,0.3660980951104187,0.36698177063744225,0.3651816207899391,0.0005334622805968812,0.42857142857142855,3570.0,30.99538243301164,31.15918738504093,30.8379682476737,0.09519144108158915,0.9428133719575849,0.9662422168949537,0.9238019500814217,0.01385096243225918,0.4311114176690979,0.43320319543949115,0.4271767914165304,0.44283429135826513,0.43484759783978866,0.4267851455704569,1.0873652876129031e-05,0.005276920265174269,8.0,0.0,0.0,0.0,1.0,0.9702361700906369,0.0007464359295838996,0.9702361700906369,0.9702361700906369,0.9702361700906369,0.969489734161053,0.0,0.0017408729207238768,0.0,0.3684183673469388,0.9996293813521011,0.9998435748025317,0.9994191184528276,0.00014649889991205927,0.0,10.0,0.0
/tmp/audit_synthetic_pilot/photographic_noise.gif,synthetic,noise,8,140,140,200,215.12,38.28,5.62024799714242,True,,3.64,1.0,0.0,0.0,0.0,0.9989674511196616,0.9986889981341478,0.9989051759184924,0.9994016098724754,0.9992798201911846,0.9981449292222155,5.957354095403614e-08,0.00041368718910707243,260.625,256.0,32.0,0.6705970986359244,8.0,0.0,8.0,22.66371726989746,20.427012145519257,22.510750007629394,100.0,100.0,100.0,100.0,0.5776032410733082,0.00021789393410021063,0.5776032410733082,0.5776032410733082,0.5776032410733082,0.577385347139208,0.0,0.0,0.0,0.0,0.0,,0.2251196121318865,0.23205741626794257,0.2178830182010956,0.0042738426306175945,0.6452342441259727,0.0,0.0,0.14080048041684287,1.0,8.0,0.5314783379435539,0.5287237167358398,0.5292338728904724,0.5350518226623535,0.5350518226623535,0.5287237167358398,8.239302607490927e-06,0.0019129803012464697,0.22154499031603336,0.22505401074886322,0.21879059076309204,0.0017155023412365059,0.0,80.0,0.0,38.275390625,0.17456790804862976,0.1504015177488327,0.17255283147096634,0.16080048041684286,0.1755213886499405,0.0,0.46840717581292807,0.48607305862744926,0.45841133450462745,0.00794818847253407,1284.0492401123047,1288.819580078125,1299.79296875,1299.79296875,1291.12255859375,1272.40771484375,22.321664585007564,9.080902957548611,,,,,,0.1289299775445999,0.0,0.34090190291416783,0.34169080837328364,0.339841237286387,0.0006136857532887579,0.7142857142857143,3628.0,35.83340899632307,36.052641633450385,35.67082442057865,0.1266483893987854,0.977193829037674,0.99649198394197,0.9441356538451032,0.01681118653949411,0.22515995225946406,0.22238197943712967,0.23186556523532115,0.24447835336602278,0.22213483440385015,0.2153308287036279,2.0520733641519334e-05,0.009116862815422053,8.0,0.0,0.0,0.0,1.0,0.970772773416529,0.001283039255476015,0.970772773416529,0.970772773416529,0.970772773416529,0.969489734161053,0.0,0.002746464512405274,0.0,0.3684183673469388,0.9995978623302009,0.9997988262776969,0.9992094434117167,0.00018650450584313408,0.0,10.0,0.0
/tmp/audit_synthetic_pilot/animation_heavy.gif,synthetic,motion,25,100,100,0,7.26,7.26,1.0,True,,5.15,1.0,0.0,0.0,0.0,1.0,1.0,1.0,1.0,1.0,1.0,0.0,0.0,3.0,3.0,25.0,0.9720981376087279,25.0,0.0,25.0,0.0,0.0,0.0,0.0,0.0,0.0,0.0,0.4740139054338059,0.0,0.4740139054338059,0.4740139054338059,0.4740139054338059,0.4740139054338059,0.0,0.0,0.0,0.0,0.0,,1.0,1.0,1.0,0.0,0.47044428442401537,0.9504950495049505,10.0,0.33215977393090723,1.0,25.0,1.0,1.0,1.0,1.0,1.0,1.0,0.0,0.0,0.0,0.0,0.0,0.0,0.0,250.0,0.0,7.2607421875,0.0,0.0,0.0,0.35215977393090725,0.49253856092691417,0.0,1.0,1.0,1.0,0.0,0.0,0.0,0.0,0.0,0.0,0.0,0.0,0.0,,,,,,0.0,0.0,1.0,1.0,1.0,0.0,0.6666666666666666,5139.0,0.0,0.0,0.0,0.0,1.0,1.0,1.0,0.0,1.0,1.0,1.0,1.0,1.0,1.0,0.0,0.0,25.0,1.0,1.0,1.0,1.0,0.9246649715435656,0.0,0.9246649715435656,0.9246649715435656,0.9246649715435656,0.9246649715435656,0.0,0.0015373738649974568,0.0,0.0111,1.0,1.0,0.9999999999999999,1.041481514324134e-16,0.0,10.0,0.0
/tmp/audit_synthetic_pilot/animation_heavy.gif,synthetic,motion,25,100,100,20,7.26,5.85,1.2414426448488896,True,,5.02,1.0,0.0,0.0,0.0,1.0,1.0,1.0,1.0,1.0,1.0,0.0,0.0,3.0,3.0,25.0,0.9720981376087279,25.0,0.0,25.0,0.0,0.0,0.0,0.0,0.0,0.0,0.0,0.4740139054338059,0.0,0.4740139054338059,0.4740139054338059,0.4740139054338059,0.4740139054338059,0.0,0.0,0.0,0.0,0.0,,1.0,1.0,1.0,0.0,0.5076500564831561,0.9504950495049505,10.0,0.33215977393090723,1.0,25.0,1.0,1.0,1.0,1.0,1.0,1.0,0.0,0.0,0.0,0.0,0.0,0.0,0.0,250.0,0.0,5.8486328125,0.0,0.0,0.0,0.35215977393090725,0.49253856092691417,0.0,1.0,1.0,1.0,0.0,0.0,0.0,0.0,0.0,0.0,0.0,0.0,0.0,,,,,,0.0,0.0,1.0,1.0,1.0,0.0,0.6666666666666666,5010.0,0.0,0.0,0.0,0.0,1.0,1.0,1.0,0.0,1.0,1.0,1.0,1.0,1.0,1.0,0.0,0.0,25.0,1.0,1.0,1.0,1.0,0.9246649715435656,0.0,0.9246649715435656,0.9246649715435656,0.9246649715435656,0.9246649715435656,0.0,0.0015373738649974568,0.0,0.0111,1.0,1.0,0.9999999999999999,1.041481514324134e-16,0.0,10.0,0.0
/tmp/audit_synthetic_pilot/animation_heavy.gif,synthetic,motion,25,100,100,40,7.26,5.85,1.2414426448488896,True,,5.19,1.0,0.0,0.0,0.0,1.0,1.0,1.0,1.0,1.0,1.0,0.0,0.0,3.0,3.0,25.0,0.9720981376087279,25.0,0.0,25.0,0.0,0.0,0.0,0.0,0.0,0.0,0.0,0.4740139054338059,0.0,0.4740139054338059,0.4740139054338059,0.4740139054338059,0.4740139054338059,0.0,0.0,0.0,0.0,0.0,,1.0,1.0,1.0,0.0,0.5076500564831561,0.9504950495049505,10.0,0.33215977393090723,1.0,25.0,1.0,1.0,1.0,1.0,1.0,1.0,0.0,0.0,0.0,0.0,0.0,0.0,0.0,250.0,0.0,5.8486328125,0.0,0.0,0.0,0.35215977393090725,0.49253856092691417,0.0,1.0,1.0,1.0,0.0,0.0,0.0,0.0,0.0,0.0,0.0,0.0,0.0,,,,,,0.0,0.0,1.0,1.0,1.0,0.0,0.6666666666666666,5182.0,0.0,0.0,0.0,0.0,1.0,1.0,1.0,0.0,1.0,1.0,1.0,1.0,1.0,1.0,0.0,0.0,25.0,1.0,1.0,1.0,1.0,0.9246649715435656,0.0,0.9246649715435656,0.9246649715435656,0.9246649715435656,0.9246649715435656,0.0,0.0015373738649974568,0.0,0.0111,1.0,1.0,0.9999999999999999,1.041481514324134e-16,0.0,10.0,0.0
/tmp/audit_synthetic_pilot/animation_heavy.gif,synthetic,motion,25,100,100,60,7.26,5.85,1.2414426448488896,True,,5.17,1.0,0.0,0.0,0.0,1.0,1.0,1.0,1.0,1.0,1.0,0.0,0.0,3.0,3.0,25.0,0.9720981376087279,25.0,0.0,25.0,0.0,0.0,0.0,0.0,0.0,0.0,0.0,0.4740139054338059,0.0,0.4740139054338059,0.4740139054338059,0.4740139054338059,0.4740139054338059,0.0,0.0,0.0,0.0,0.0,,1.0,1.0,1.0,0.0,0.5076500564831561,0.9504950495049505,10.0,0.33215977393090723,1.0,25.0,1.0,1.0,1.0,1.0,1.0,1.0,0.0,0.0,0.0,0.0,0.0,0.0,0.0,250.0,0.0,5.8486328125,0.0,0.0,0.0,0.35215977393090725,0.49253856092691417,0.0,1.0,1.0,1.0,0.0,0.0,0.0,0.0,0.0,0.0,0.0,0.0,0.0,,,,,,0.0,0.0,1.0,1.0,1.0,0.0,0.6666666666666666,5155.0,0.0,0.0,0.0,0.0,1.0,1.0,1.0,0.0,1.0,1.0,1.0,1.0,1.0,1.0,0.0,0.0,25.0,1.0,1.0,1.0,1.0,0.9246649715435656,0.0,0.9246649715435656,0.9246649715435656,0.9246649715435656,0.9246649715435656,0.0,0.0015373738649974568,0.0,0.0111,1.0,1.0,0.9999999999999999,1.041481514324134e-16,0.0,10.0,0.0
/tmp/audit_synthetic_pilot/animation_heavy.gif,synthetic,motion,25,100,100,80,7.26,5.85,1.2414426448488896,True,,5.29,1.0,0.0,0.0,0.0,1.0,1.0,1.0,1.0,1.0,1.0,0.0,0.0,3.0,3.0,25.0,0.9720981376087279,25.0,0.0,25.0,0.0,0.0,0.0,0.0,0.0,0.0,0.0,0.4740139054338059,0.0,0.4740139054338059,0.4740139054338059,0.4740139054338059,0.4740139054338059,0.0,0.0,0.0,0.0,0.0,,1.0,1.0,1.0,0.0,0.5076500564831561,0.9504950495049505,10.0,0.33215977393090723,1.0,25.0,1.0,1.0,1.0,1.0,1.0,1.0,0.0,0.0,0.0,0.0,0.0,0.0,0.0,250.0,0.0,5.8486328125,0.0,0.0,0.0,0.35215977393090725,0.49253856092691417,0.0,1.0,1.0,1.0,0.0,0.0,0.0,0.0,0.0,0.0,0.0,0.0,0.0,,,,,,0.0,0.0,1.0,1.0,1.0,0.0,0.6666666666666666,5273.0,0.0,0.0,0.0,0.0,1.0,1.0,1.0,0.0,1.0,1.0,1.0,1.0,1.0,1.0,0.0,0.0,25.0,1.0,1.0,1.0,1.0,0.9246649715435656,0.0,0.9246649715435656,0.9246649715435656,0.9246649715435656,0.9246649715435656,0.0,0.0015373738649974568,0.0,0.0111,1.0,1.0,0.9999999999999999,1.041481514324134e-16,0.0,10.0,0.0
/tmp/audit_synthetic_pilot/animation_heavy.gif,synthetic,motion,25,100,100,100,7.26,5.85,1.2414426448488896,True,,5.11,1.0,0.0,0.0,0.0,1.0,1.0,1.0,1.0,1.0,1.0,0.0,0.0,3.0,3.0,25.0,0.9720981376087279,25.0,0.0,25.0,0.0,0.0,0.0,0.0,0.0,0.0,0.0,0.4740139054338059,0.0,0.4740139054338059,0.4740139054338059,0.4740139054338059,0.4740139054338059,0.0,0.0,0.0,0.0,0.0,,1.0,1.0,1.0,0.0,0.5076500564831561,0.9504950495049505,10.0,0.33215977393090723,1.0,25.0,1.0,1.0,1.0,1.0,1.0,1.0,0.0,0.0,0.0,0.0,0.0,0.0,0.0,250.0,0.0,5.8486328125,0.0,0.0,0.0,0.35215977393090725,0.49253856092691417,0.0,1.0,1.0,1.0,0.0,0.0,0.0,0.0,0.0,0.0,0.0,0.0,0.0,,,,,,0.0,0.0,1.0,1.0,1.0,0.0,0.6666666666666666,5101.0,0.0,0.0,0.0,0.0,1.0,1.0,1.0,0.0,1.0,1.0,1.0,1.0,1.0,1.0,0.0,0.0,25.0,1.0,1.0,1.0,1.0,0.9246649715435656,0.0,0.9246649715435656,0.9246649715435656,0.9246649715435656,0.9246649715435656,0.0,0.0015373738649974568,0.0,0.0111,1.0,1.0,0.9999999999999999,1.041481514324134e-16,0.0,10.0,0.0
/tmp/audit_synthetic_pilot/animation_heavy.gif,synthetic,motion,25,100,100,140,7.26,5.85,1.2414426448488896,True,,5.73,1.0,0.0,0.0,0.0,1.0,1.0,1.0,1.0,1.0,1.0,0.0,0.0,3.0,3.0,25.0,0.9720981376087279,25.0,0.0,25.0,0.0,0.0,0.0,0.0,0.0,0.0,0.0,0.4740139054338059,0.0,0.4740139054338059,0.4740139054338059,0.4740139054338059,0.4740139054338059,0.0,0.0,0.0,0.0,0.0,,1.0,1.0,1.0,0.0,0.5076500564831561,0.9504950495049505,10.0,0.33215977393090723,1.0,25.0,1.0,1.0,1.0,1.0,1.0,1.0,0.0,0.0,0.0,0.0,0.0,0.0,0.0,250.0,0.0,5.8486328125,0.0,0.0,0.0,0.35215977393090725,0.49253856092691417,0.0,1.0,1.0,1.0,0.0,0.0,0.0,0.0,0.0,0.0,0.0,0.0,0.0,,,,,,0.0,0.0,1.0,1.0,1.0,0.0,0.6666666666666666,5720.0,0.0,0.0,0.0,0.0,1.0,1.0,1.0,0.0,1.0,1.0,1.0,1.0,1.0,1.0,0.0,0.0,25.0,1.0,1.0,1.0,1.0,0.9246649715435656,0.0,0.9246649715435656,0.9246649715435656,0.9246649715435656,0.9246649715435656,0.0,0.0015373738649974568,0.0,0.0111,1.0,1.0,0.9999999999999999,1.041481514324134e-16,0.0,10.0,0.0
/tmp/audit_synthetic_pilot/animation_heavy.gif,synthetic,motion,25,100,100,200,7.26,5.85,1.2414426448488896,True,,5.82,1.0,0.0,0.0,0.0,1.0,1.0,1.0,1.0,1.0,1.0,0.0,0.0,3.0,3.0,25.0,0.9720981376087279,25.0,0.0,25.0,0.0,0.0,0.0,0.0,0.0,0.0,0.0,0.4740139054338059,0.0,0.4740139054338059,0.4740139054338059,0.4740139054338059,0.4740139054338059,0.0,0.0,0.0,0.0,0.0,,1.0,1.0,1.0,0.0,0.5076500564831561,0.9504950495049505,10.0,0.33215977393090723,1.0,25.0,1.0,1.0,1.0,1.0,1.0,1.0,0.0,0.0,0.0,0.0,0.0,0.0,0.0,250.0,0.0,5.8486328125,0.0,0.0,0.0,0.35215977393090725,0.49253856092691417,0.0,1.0,1.0,1.0,0.0,0.0,0.0,0.0,0.0,0.0,0.0,0.0,0.0,,,,,,0.0,0.0,1.0,1.0,1.0,0.0,0.6666666666666666,5805.0,0.0,0.0,0.0,0.0,1.0,1.0,1.0,0.0,1.0,1.0,1.0,1.0,1.0,1.0,0.0,0.0,25.0,1.0,1.0,1.0,1.0,0.9246649715435656,0.0,0.9246649715435656,0.9246649715435656,0.9246649715435656,0.9246649715435656,0.0,0.0015373738649974568,0.0,0.0111,1.0,1.0,0.9999999999999999,1.041481514324134e-16,0.0,10.0,0.0
/tmp/audit_synthetic_pilot/few_colors.gif,synthetic,minimal,8,100,100,0,1.55,1.55,1.0,True,,3.7,1.0,0.0,0.0,0.0,1.0,1.0,1.0,1.0,1.0,1.0,0.0,0.0,1.0,1.0,8.0,1.0,8.0,0.0,8.0,0.0,0.0,0.0,0.0,0.0,0.0,0.0,1.0,0.0,1.0,1.0,1.0,1.0,0.0,0.0,0.0,0.0,0.0,,1.0,1.0,1.0,0.0,0.4771480364592869,1.0,32.0,0.6657200690678187,1.0,8.0,1.0,1.0,1.0,1.0,1.0,1.0,0.0,0.0,0.0,0.0,0.0,0.0,0.0,80.0,0.0,1.5478515625,0.0,0.0,0.0,0.6857200690678188,0.7788071632385254,0.0,1.0,1.0,1.0,0.0,0.0,0.0,0.0,0.0,0.0,0.0,0.0,0.0,,,,,,0.0,0.0,1.0,1.0,1.0,0.0,0.0,3694.0,0.0,0.0,0.0,0.0,1.0,1.0,1.0,0.0,1.0,1.0,1.0,1.0,1.0,1.0,0.0,0.0,8.0,1.0,1.0,1.0,1.0,1.0,0.0,1.0,1.0,1.0,1.0,0.0,0.0,0.0,0.0,0.9999999999999999,0.9999999999999999,0.9999999999999999,0.0,0.0,10.0,0.0
/tmp/audit_synthetic_pilot/few_colors.gif,synthetic,minimal,8,100,100,20,1.55,1.19,1.3023829087921117,True,,3.68,1.0,0.0,0.0,0.0,1.0,1.0,1.0,1.0,1.0,1.0,0.0,0.0,1.0,1.0,8.0,1.0,8.0,0.0,8.0,0.0,0.0,0.0,0.0,0.0,0.0,0.0,1.0,0.0,1.0,1.0,1.0,1.0,0.0,0.0,0.0,0.0,0.0,,1.0,1.0,1.0,0.0,0.5233702347705348,1.0,32.0,0.6657200690678187,1.0,8.0,1.0,1.0,1.0,1.0,1.0,1.0,0.0,0.0,0.0,0.0,0.0,0.0,0.0,80.0,0.0,1.1884765625,0.0,0.0,0.0,0.6857200690678188,0.7788071632385254,0.0,1.0,1.0,1.0,0.0,0.0,0.0,0.0,0.0,0.0,0.0,0.0,0.0,,,,,,0.0,0.0,1.0,1.0,1.0,0.0,0.0,3677.0,0.0,0.0,0.0,0.0,1.0,1.0,1.0,0.0,1.0,1.0,1.0,1.0,1.0,1.0,0.0,0.0,8.0,1.0,1.0,1.0,1.0,1.0,0.0,1.0,1.0,1.0,1.0,0.0,0.0,0.0,0.0,0.9999999999999999,0.9999999999999999,0.9999999999999999,0.0,0.0,10.0,0.0
/tmp/audit_synthetic_pilot/few_colors.gif,synthetic,minimal,8,100,100,40,1.55,1.19,1.3023829087921117,True,,3.67,1.0,0.0,0.0,0.0,1.0,1.0,1.0,1.0,1.0,1.0,0.0,0.0,1.0,1.0,8.0,1.0,8.0,0.0,8.0,0.0,0.0,0.0,0.0,0.0,0.0,0.0,1.0,0.0,1.0,1.0,1.0,1.0,0.0,0.0,0.0,0.0,0.0,,1.0,1.0,1.0,0.0,0.5233702347705348,1.0,32.0,0.6657200690678187,1.0,8.0,1.0,1.0,1.0,1.0,1.0,1.0,0.0,0.0,0.0,0.0,0.0,0.0,0.0,80.0,0.0,1.1884765625,0.0,0.0,0.0,0.6857200690678188,0.7788071632385254,0.0,1.0,1.0,1.0,0.0,0.0,0.0,0.0,0.0,0.0,0.0,0.0,0.0,,,,,,0.0,0.0,1.0,1.0,1.0,0.0,0.0,3663.0,0.0,0.0,0.0,0.0,1.0,1.0,1.0,0.0,1.0,1.0,1.0,1.0,1.0,1.0,0.0,0.0,8.0,1.0,1.0,1.0,1.0,1.0,0.0,1.0,1.0,1.0,1.0,0.0,0.0,0.0,0.0,0.9999999999999999,0.9999999999999999,0.9999999999999999,0.0,0.0,10.0,0.0
/tmp/audit_synthetic_pilot/few_colors.gif,synthetic,minimal,8,100,100,60,1.55,1.19,1.3023829087921117,True,,3.61,1.0,0.0,0.0,0.0,1.0,1.0,1.0,1.0,1.0,1.0,0.0,0.0,1.0,1.0,8.0,1.0,8.0,0.0,8.0,0.0,0.0,0.0,0.0,0.0,0.0,0.0,1.0,0.0,1.0,1.0,1.0,1.0,0.0,0.0,0.0,0.0,0.0,,1.0,1.0,1.0,0.0,0.5233702347705348,1.0,32.0,0.6657200690678187,1.0,8.0,1.0,1.0,1.0,1.0,1.0,1.0,0.0,0.0,0.0,0.0,0.0,0.0,0.0,80.0,0.0,1.1884765625,0.0,0.0,0.0,0.6857200690678188,0.7788071632385254,0.0,1.0,1.0,1.0,0.0,0.0,0.0,0.0,0.0,0.0,0.0,0.0,0.0,,,,,,0.0,0.0,1.0,1.0,1.0,0.0,0.0,3599.0,0.0,0.0,0.0,0.0,1.0,1.0,1.0,0.0,1.0,1.0,1.0,1.0,1.0,1.0,0.0,0.0,8.0,1.0,1.0,1.0,1.0,1.0,0.0,1.0,1.0,1.0,1.0,0.0,0.0,0.0,0.0,0.9999999999999999,0.9999999999999999,0.9999999999999999,0.0,0.0,10.0,0.0
/tmp/audit_synthetic_pilot/few_colors.gif,synthetic,minimal,8,100,100,80,1.55,1.19,1.3023829087921117,True,,3.67,1.0,0.0,0.0,0.0,1.0,1.0,1.0,1.0,1.0,1.0,0.0,0.0,1.0,1.0,8.0,1.0,8.0,0.0,8.0,0.0,0.0,0.0,0.0,0.0,0.0,0.0,1.0,0.0,1.0,1.0,1.0,1.0,0.0,0.0,0.0,0.0,0.0,,1.0,1.0,1.0,0.0,0.5233702347705348,1.0,32.0,0.6657200690678187,1.0,8.0,1.0,1.0,1.0,1.0,1.0,1.0,0.0,0.0,0.0,0.0,0.0,0.0,0.0,80.0,0.0,1.1884765625,0.0,0.0,0.0,0.6857200690678188,0.7788071632385254,0.0,1.0,1.0,1.0,0.0,0.0,0.0,0.0,0.0,0.0,0.0,0.0,0.0,,,,,,0.0,0.0,1.0,1.0,1.0,0.0,0.0,3659.0,0.0,0.0,0.0,0.0,1.0,1.0,1.0,0.0,1.0,1.0,1.0,1.0,1.0,1.0,0.0,0.0,8.0,1.0,1.0,1.0,1.0,1.0,0.0,1.0,1.0,1.0,1.0,0.0,0.0,0.0,0.0,0.9999999999999999,0.9999999999999999,0.9999999999999999,0.0,0.0,10.0,0.0
/tmp/audit_synthetic_pilot/few_colors.gif,synthetic,minimal,8,100,100,100,1.55,1.19,1.3023829087921117,True,,3.95,1.0,0.0,0.0,0.0,1.0,1.0,1.0,1.0,1.0,1.0,0.0,0.0,1.0,1.0,8.0,1.0,8.0,0.0,8.0,0.0,0.0,0.0,0.0,0.0,0.0,0.0,1.0,0.0,1.0,1.0,1.0,1.0,0.0,0.0,0.0,0.0,0.0,,1.0,1.0,1.0,0.0,0.5233702347705348,1.0,32.0,0.6657200690678187,1.0,8.0,1.0,1.0,1.0,1.0,1.0,1.0,0.0,0.0,0.0,0.0,0.0,0.0,0.0,80.0,0.0,1.1884765625,0.0,0.0,0.0,0.6857200690678188,0.7788071632385254,0.0,1.0,1.0,1.0,0.0,0.0,0.0,0.0,0.0,0.0,0.0,0.0,0.0,,,,,,0.0,0.0,1.0,1.0,1.0,0.0,0.0,3938.0,0.0,0.0,0.0,0.0,1.0,1.0,1.0,0.0,1.0,1.0,1.0,1.0,1.0,1.0,0.0,0.0,8.0,1.0,1.0,1.0,1.0,1.0,0.0,1.0,1.0,1.0,1.0,0.0,0.0,0.0,0.0,0.9999999999999999,0.9999999999999999,0.9999999999999999,0.0,0.0,10.0,0.0
/tmp/audit_synthetic_pilot/few_colors.gif,synthetic,minimal,8,100,100,140,1.55,1.19,1.3023829087921117,True,,3.7,1.0,0.0,0.0,0.0,1.0,1.0,1.0,1.0,1.0,1.0,0.0,0.0,1.0,1.0,8.0,1.0,8.0,0.0,8.0,0.0,0.0,0.0,0.0,0.0,0.0,0.0,1.0,0.0,1.0,1.0,1.0,1.0,0.0,0.0,0.0,0.0,0.0,,1.0,1.0,1.0,0.0,0.5233702347705348,1.0,32.0,0.6657200690678187,1.0,8.0,1.0,1.0,1.0,1.0,1.0,1.0,0.0,0.0,0.0,0.0,0.0,0.0,0.0,80.0,0.0,1.1884765625,0.0,0.0,0.0,0.6857200690678188,0.7788071632385254,0.0,1.0,1.0,1.0,0.0,0.0,0.0,0.0,0.0,0.0,0.0,0.0,0.0,,,,,,0.0,0.0,1.0,1.0,1.0,0.0,0.0,3692.0,0.0,0.0,0.0,0.0,1.0,1.0,1.0,0.0,1.0,1.0,1.0,1.0,1.0,1.0,0.0,0.0,8.0,1.0,1.0,1.0,1.0,1.0,0.0,1.0,1.0,1.0,1.0,0.0,0.0,0.0,0.0,0.9999999999999999,0.9999999999999999,0.9999999999999999,0.0,0.0,10.0,0.0
/tmp/audit_synthetic_pilot/few_colors.gif,synthetic,minimal,8,100,100,200,1.55,1.19,1.3023829087921117,True,,3.95,1.0,0.0,0.0,0.0,1.0,1.0,1.0,1.0,1.0,1.0,0.0,0.0,1.0,1.0,8.0,1.0,8.0,0.0,8.0,0.0,0.0,0.0,0.0,0.0,0.0,0.0,1.0,0.0,1.0,1.0,1.0,1.0,0.0,0.0,0.0,0.0,0.0,,1.0,1.0,1.0,0.0,0.5233702347705348,1.0,32.0,0.6657200690678187,1.0,8.0,1.0,1.0,1.0,1.0,1.0,1.0,0.0,0.0,0.0,0.0,0.0,0.0,0.0,80.0,0.0,1.1884765625,0.0,0.0,0.0,0.6857200690678188,0.7788071632385254,0.0,1.0,1.0,1.0,0.0,0.0,0.0,0.0,0.0,0.0,0.0,0.0,0.0,,,,,,0.0,0.0,1.0,1.0,1.0,0.0,0.0,3937.0,0.0,0.0,0.0,0.0,1.0,1.0,1.0,0.0,1.0,1.0,1.0,1.0,1.0,1.0,0.0,0.0,8.0,1.0,1.0,1.0,1.0,1.0,0.0,1.0,1.0,1.0,1.0,0.0,0.0,0.0,0.0,0.9999999999999999,0.9999999999999999,0.9999999999999999,0.0,0.0,10.0,0.0
/tmp/audit_synthetic_pilot/mixed_content.gif,synthetic,mixed,8,200,150,0,15.46,15.46,1.0,True,,3.82,1.0,0.0,0.0,0.0,1.0,1.0,1.0,1.0,1.0,1.0,0.0,0.0,53.0,53.0,32.0,0.9796968860156917,8.0,0.0,8.0,0.0,0.0,0.0,0.0,0.0,0.0,0.0,0.6239318663233476,0.0,0.6239318663233476,0.6239318663233476,0.6239318663233476,0.6239318663233476,0.0,0.0,0.0,0.0,0.0,,1.0,1.0,1.0,0.0,0.47227940214117203,0.6906474820143885,0.0,0.11961053320339747,1.0,8.0,1.0,1.0,1.0,1.0,1.0,1.0,0.0,0.0,0.0,0.0,0.0,0.0,0.0,80.0,1.0,15.4580078125,0.0,0.0,0.0,0.13961053320339747,0.16697370857000352,0.0,1.0,1.0,1.0,0.0,0.0,0.0,0.0,0.0,0.0,0.0,0.0,0.0,,,,,0.0,0.0,0.0,1.0,1.0,1.0,0.0,0.5714285714285714,3801.0,0.0,0.0,0.0,0.0,1.0,1.0,1.0,0.0,1.0,1.0,1.0,1.0,1.0,1.0,0.0,0.0,8.0,1.0,1.0,1.0,1.0,0.945181592242368,0.0,0.945181592242368,0.945181592242368,0.945181592242368,0.945181592242368,0.0,0.002733360286626679,0.0,0.0178,1.0,1.0,1.0,0.0,0.0,10.0,0.0
/tmp/audit_synthetic_pilot/mixed_content.gif,synthetic,mixed,8,200,150,20,15.46,14.56,1.0613517500335254,True,,4.2,1.0,0.0,0.0,0.0,0.9999999517244287,1.0,0.9999998902555487,1.0,1.0,0.9999998896935407,2.6764099093512566e-15,4.297008675136829e-08,53.0,53.0,32.0,0.9796277902535814,8.0,0.0,8.0,0.015017306432127953,0.0037204639811534435,0.01500026136636734,0.0,0.0,0.0,0.0,0.6239318663233476,0.0,0.6239318663233476,0.6239318663233476,0.6239318663233476,0.6239318663233476,0.0,0.0,0.0,0.0,0.0,,1.0,1.0,1.0,0.0,0.4824460901574906,0.6906474820143885,0.0,0.11962352382285255,1.0,8.0,0.9828303158283234,0.9828304052352905,0.9828315377235413,0.9828315377235413,0.9828304052352905,0.9828290343284607,2.850065862326624e-13,1.0852301988621428e-06,0.008146586711518466,0.008146606385707855,0.008146548643708229,2.2795713385308788e-08,0.0,80.0,1.0,14.564453125,1.4726628023709054e-06,1.3383966006585979e-06,1.4716828047767194e-06,0.13962352382285254,0.16699983328580856,0.0,0.9999768606982384,0.9999769943728013,0.99997671154089,1.0492950735178168e-07,0.008333333767950535,0.008333333767950535,0.008333333767950535,0.008333333767950535,0.008333333767950535,0.008333333767950535,0.0,0.0,,,,,0.0,0.0,0.0,1.0,1.0,1.0,0.0,0.5714285714285714,4187.0,0.0912870952980241,0.0912870952980241,0.0912870952980241,0.0,0.9999366885918017,0.9999441693320718,0.9999307789230044,5.589355086528886e-06,0.9999493609883711,0.9999493668366229,0.999949544255927,0.999949544255927,0.9999493668366229,0.9999491738219806,6.995024320240867e-15,1.6043813778288253e-07,8.0,1.0,1.0,1.0,1.0,0.945181592242368,0.0,0.945181592242368,0.945181592242368,0.945181592242368,0.945181592242368,0.0,0.0027330459948344196,0.0,0.0178,0.9999391277569578,0.9999392559285765,0.9999389248606236,1.5335580780770336e-07,0.0,10.0,0.0
/tmp/audit_synthetic_pilot/mixed_content.gif,synthetic,mixed,8,200,150,40,15.46,14.56,1.0613517500335254,True,,3.95,1.0,0.0,0.0,0.0,0.9999999517244287,1.0,0.9999998902555487,1.0,1.0,0.9999998896935407,2.6764099093512566e-15,4.297008675136829e-08,53.0,53.0,32.0,0.9796277902535814,8.0,0.0,8.0,0.015017306432127953,0.0037204639811534435,0.01500026136636734,0.0,0.0,0.0,0.0,0.6239318663233476,0.0,0.6239318663233476,0.6239318663233476,0.6239318663233476,0.6239318663233476,0.0,0.0,0.0,0.0,0.0,,1.0,1.0,1.0,0.0,0.4824460901574906,0.6906474820143885,0.0,0.11962352382285255,1.0,8.0,0.9828303158283234,0.9828304052352905,0.9828315377235413,0.9828315377235413,0.9828304052352905,0.9828290343284607,2.850065862326624e-13,1.0852301988621428e-06,0.008146586711518466,0.008146606385707855,0.008146548643708229,2.2795713385308788e-08,0.0,80.0,1.0,14.564453125,1.4726628023709054e-06,1.3383966006585979e-06,1.4716828047767194e-06,0.13962352382285254,0.16699983328580856,0.0,0.9999768606982384,0.9999769943728013,0.99997671154089,1.0492950735178168e-07,0.008333333767950535,0.008333333767950535,0.008333333767950535,0.008333333767950535,0.008333333767950535,0.008333333767950535,0.0,0.0,,,,,0.0,0.0,0.0,1.0,1.0,1.0,0.0,0.5714285714285714,3930.0,0.0912870952980241,0.0912870952980241,0.0912870952980241,0.0,0.9999366885918017,0.9999441693320718,0.9999307789230044,5.589355086528886e-06,0.9999493609883711,0.9999493668366229,0.999949544255927,0.999949544255927,0.9999493668366229,0.9999491738219806,6.995024320240867e-15,1.6043813778288253e-07,8.0,1.0,1.0,1.0,1.0,0.945181592242368,0.0,0.945181592242368,0.945181592242368,0.945181592242368,0.945181592242368,0.0,0.0027330459948344196,0.0,0.0178,0.9999391277569578,0.9999392559285765,0.9999389248606236,1.5335580780770336e-07,0.0,10.0,0.0
/tmp/audit_synthetic_pilot/mixed_content.gif,synthetic,mixed,8,200,150,60,15.46,14.56,1.0613517500335254,True,,3.94,1.0,0.0,0.0,0.0,0.9999999517244287,1.0,0.9999998902555487,1.0,1.0,0.9999998896935407,2.6764099093512566e-15,4.297008675136829e-08,53.0,53.0,32.0,0.9796277902535814,8.0,0.0,8.0,0.015017306432127953,0.0037204639811534435,0.01500026136636734,0.0,0.0,0.0,0.0,0.6239318663233476,0.0,0.6239318663233476,0.6239318663233476,0.6239318663233476,0.6239318663233476,0.0,0.0,0.0,0.0,0.0,,1.0,1.0,1.0,0.0,0.4824460901574906,0.6906474820143885,0.0,0.11962352382285255,1.0,8.0,0.9828303158283234,0.9828304052352905,0.9828315377235413,0.9828315377235413,0.9828304052352905,0.9828290343284607,2.850065862326624e-13,1.0852301988621428e-06,0.008146586711518466,0.008146606385707855,0.008146548643708229,2.2795713385308788e-08,0.0,80.0,1.0,14.564453125,1.4726628023709054e-06,1.3383966006585979e-06,1.4716828047767194e-06,0.13962352382285254,0.16699983328580856,0.0,0.9999768606982384,0.9999769943728013,0.99997671154089,1.0492950735178168e-07,0.008333333767950535,0.008333333767950535,0.008333333767950535,0.008333333767950535,0.008333333767950535,0.008333333767950535,0.0,0.0,,,,,0.0,0.0,0.0,1.0,1.0,1.0,0.0,0.5714285714285714,3922.0,0.0912870952980241,0.0912870952980241,0.0912870952980241,0.0,0.9999366885918017,0.9999441693320718,0.9999307789230044,5.589355086528886e-06,0.9999493609883711,0.9999493668366229,0.999949544255927,0.999949544255927,0.9999493668366229,0.9999491738219806,6.995024320240867e-15,1.6043813778288253e-07,8.0,1.0,1.0,1.0,1.0,0.945181592242368,0.0,0.945181592242368,0.945181592242368,0.945181592242368,0.945181592242368,0.0,0.0027330459948344196,0.0,0.0178,0.9999391277569578,0.9999392559285765,0.9999389248606236,1.5335580780770336e-07,0.0,10.0,0.0
/tmp/audit_synthetic_pilot/mixed_content.gif,synthetic,mixed,8,200,150,80,15.46,14.56,1.0613517500335254,True,,3.99,1.0,0.0,0.0,0.0,0.9999999517244287,1.0,0.9999998902555487,1.0,1.0,0.9999998896935407,2.6764099093512566e-15,4.297008675136829e-08,53.0,53.0,32.0,0.9796277902535814,8.0,0.0,8.0,0.015017306432127953,0.0037204639811534435,0.01500026136636734,0.0,0.0,0.0,0.0,0.6239318663233476,0.0,0.6239318663233476,0.6239318663233476,0.6239318663233476,0.6239318663233476,0.0,0.0,0.0,0.0,0.0,,1.0,1.0,1.0,0.0,0.4824460901574906,0.6906474820143885,0.0,0.11962352382285255,1.0,8.0,0.9828303158283234,0.9828304052352905,0.9828315377235413,0.9828315377235413,0.9828304052352905,0.9828290343284607,2.850065862326624e-13,1.0852301988621428e-06,0.008146586711518466,0.008146606385707855,0.008146548643708229,2.2795713385308788e-08,0.0,80.0,1.0,14.564453125,1.4726628023709054e-06,1.3383966006585979e-06,1.4716828047767194e-06,0.13962352382285254,0.16699983328580856,0.0,0.9999768606982384,0.9999769943728013,0.99997671154089,1.0492950735178168e-07,0.008333333767950535,0.008333333767950535,0.008333333767950535,0.008333333767950535,0.008333333767950535,0.008333333767950535,0.0,0.0,,,,,0.0,0.0,0.0,1.0,1.0,1.0,0.0,0.5714285714285714,3970.0,0.0912870952980241,0.0912870952980241,0.0912870952980241,0.0,0.9999366885918017,0.9999441693320718,0.9999307789230044,5.589355086528886e-06,0.9999493609883711,0.9999493668366229,0.999949544255927,0.999949544255927,0.9999493668366229,0.9999491738219806,6.995024320240867e-15,1.6043813778288253e-07,8.0,1.0,1.0,1.0,1.0,0.945181592242368,0.0,0.945181592242368,0.945181592242368,0.945181592242368,0.945181592242368,0.0,0.0027330459948344196,0.0,0.0178,0.9999391277569578,0.9999392559285765,0.9999389248606236,1.5335580780770336e-07,0.0,10.0,0.0
/tmp/audit_synthetic_pilot/mixed_content.gif,synthetic,mixed,8,200,150,100,15.46,14.56,1.0613517500335254,True,,3.86,1.0,0.0,0.0,0.0,0.9999999517244287,1.0,0.9999998902555487,1.0,1.0,0.9999998896935407,2.6764099093512566e-15,4.297008675136829e-08,53.0,53.0,32.0,0.9796277902535814,8.0,0.0,8.0,0.015017306432127953,0.0037204639811534435,0.01500026136636734,0.0,0.0,0.0,0.0,0.6239318663233476,0.0,0.6239318663233476,0.6239318663233476,0.6239318663233476,0.6239318663233476,0.0,0.0,0.0,0.0,0.0,,1.0,1.0,1.0,0.0,0.4824460901574906,0.6906474820143885,0.0,0.11962352382285255,1.0,8.0,0.9828303158283234,0.9828304052352905,0.9828315377235413,0.9828315377235413,0.9828304052352905,0.9828290343284607,2.850065862326624e-13,1.0852301988621428e-06,0.008146586711518466,0.008146606385707855,0.008146548643708229,2.2795713385308788e-08,0.0,80.0,1.0,14.564453125,1.4726628023709054e-06,1.3383966006585979e-06,1.4716828047767194e-06,0.13962352382285254,0.16699983328580856,0.0,0.9999768606982384,0.9999769943728013,0.99997671154089,1.0492950735178168e-07,0.008333333767950535,0.008333333767950535,0.008333333767950535,0.008333333767950535,0.008333333767950535,0.008333333767950535,0.0,0.0,,,,,0.0,0.0,0.0,1.0,1.0,1.0,0.0,0.5714285714285714,3841.0,0.0912870952980241,0.0912870952980241,0.0912870952980241,0.0,0.9999366885918017,0.9999441693320718,0.9999307789230044,5.589355086528886e-06,0.9999493609883711,0.9999493668366229,0.999949544255927,0.999949544255927,0.9999493668366229,0.9999491738219806,6.995024320240867e-15,1.6043813778288253e-07,8.0,1.0,1.0,1.0,1.0,0.945181592242368,0.0,0.945181592242368,0.945181592242368,0.945181592242368,0.945181592242368,0.0,0.0027330459948344196,0.0,0.0178,0.9999391277569578,0.9999392559285765,0.9999389248606236,1.5335580780770336e-07,0.0,10.0,0.0
/tmp/audit_synthetic_pilot/mixed_content.gif,synthetic,mixed,8,200,150,140,15.46,14.56,1.0613517500335254,True,,3.87,1.0,0.0,0.0,0.0,0.9999999517244287,1.0,0.9999998902555487,1.0,1.0,0.9999998896935407,2.6764099093512566e-15,4.297008675136829e-08,53.0,53.0,32.0,0.9796277902535814,8.0,0.0,8.0,0.015017306432127953,0.0037204639811534435,0.01500026136636734,0.0,0.0,0.0,0.0,0.6239318663233476,0.0,0.6239318663233476,0.6239318663233476,0.6239318663233476,0.6239318663233476,0.0,0.0,0.0,0.0,0.0,,1.0,1.0,1.0,0.0,0.4824460901574906,0.6906474820143885,0.0,0.11962352382285255,1.0,8.0,0.9828303158283234,0.9828304052352905,0.9828315377235413,0.9828315377235413,0.9828304052352905,0.9828290343284607,2.850065862326624e-13,1.0852301988621428e-06,0.008146586711518466,0.008146606385707855,0.008146548643708229,2.2795713385308788e-08,0.0,80.0,1.0,14.564453125,1.4726628023709054e-06,1.3383966006585979e-06,1.4716828047767194e-06,0.13962352382285254,0.16699983328580856,0.0,0.9999768606982384,0.9999769943728013,0.99997671154089,1.0492950735178168e-07,0.008333333767950535,0.008333333767950535,0.008333333767950535,0.008333333767950535,0.008333333767950535,0.008333333767950535,0.0,0.0,,,,,0.0,0.0,0.0,1.0,1.0,1.0,0.0,0.5714285714285714,3854.0,0.0912870952980241,0.0912870952980241,0.0912870952980241,0.0,0.9999366885918017,0.9999441693320718,0.9999307789230044,5.589355086528886e-06,0.9999493609883711,0.9999493668366229,0.999949544255927,0.999949544255927,0.9999493668366229,0.9999491738219806,6.995024320240867e-15,1.6043813778288253e-07,8.0,1.0,1.0,1.0,1.0,0.945181592242368,0.0,0.945181592242368,0.945181592242368,0.945181592242368,0.945181592242368,0.0,0.0027330459948344196,0.0,0.0178,0.9999391277569578,0.9999392559285765,0.9999389248606236,1.5335580780770336e-07,0.0,10.0,0.0
/tmp/audit_synthetic_pilot/mixed_content.gif,synthetic,mixed,8,200,150,200,15.46,14.56,1.0613517500335254,True,,4.07,1.0,0.0,0.0,0.0,0.9999999517244287,1.0,0.9999998902555487,1.0,1.0,0.9999998896935407,2.6764099093512566e-15,4.297008675136829e-08,53.0,53.0,32.0,0.9796277902535814,8.0,0.0,8.0,0.015017306432127953,0.0037204639811534435,0.01500026136636734,0.0,0.0,0.0,0.0,0.6239318663233476,0.0,0.6239318663233476,0.6239318663233476,0.6239318663233476,0.6239318663233476,0.0,0.0,0.0,0.0,0.0,,1.0,1.0,1.0,0.0,0.4824460901574906,0.6906474820143885,0.0,0.11962352382285255,1.0,8.0,0.9828303158283234,0.9828304052352905,0.9828315377235413,0.9828315377235413,0.9828304052352905,0.9828290343284607,2.850065862326624e-13,1.0852301988621428e-06,0.008146586711518466,0.008146606385707855,0.008146548643708229,2.2795713385308788e-08,0.0,80.0,1.0,14.564453125,1.4726628023709054e-06,1.3383966006585979e-06,1.4716828047767194e-06,0.13962352382285254,0.16699983328580856,0.0,0.9999768606982384,0.9999769943728013,0.99997671154089,1.0492950735178168e-07,0.008333333767950535,0.008333333767950535,0.008333333767950535,0.008333333767950535,0.008333333767950535,0.008333333767950535,0.0,0.0,,,,,0.0,0.0,0.0,1.0,1.0,1.0,0.0,0.5714285714285714,4058.0,0.0912870952980241,0.0912870952980241,0.0912870952980241,0.0,0.9999366885918017,0.9999441693320718,0.9999307789230044,5.589355086528886e-06,0.9999493609883711,0.9999493668366229,0.999949544255927,0.999949544255927,0.9999493668366229,0.9999491738219806,6.995024320240867e-15,1.6043813778288253e-07,8.0,1.0,1.0,1.0,1.0,0.945181592242368,0.0,0.945181592242368,0.945181592242368,0.945181592242368,0.945181592242368,0.0,0.0027330459948344196,0.0,0.0178,0.9999391277569578,0.9999392559285765,0.9999389248606236,1.5335580780770336e-07,0.0,10.0,0.0
