path,lossy,source,content_type,frame_reduction_class,ssim_control,ssim_cell,comp_control,comp_cell,d_ssim,d_comp,divergence_score,flag
/tmp/giflab_divergence_synth/gradient_xlarge.gif,60,synthetic,gradient,none,1.0,0.9252867873670476,1.0,0.715980150155599,-0.07471321263295239,-0.284019849844401,0.2093066372114486,
/tmp/giflab_divergence_synth/gradient_large.gif,60,synthetic,gradient,none,1.0,0.8785861603093341,1.0,0.678859403763399,-0.12141383969066588,-0.32114059623660096,0.19972675654593508,
/tmp/giflab_divergence_synth/gradient_large.gif,40,synthetic,gradient,none,1.0,0.9358453605876628,1.0,0.746143909754216,-0.06415463941233723,-0.25385609024578404,0.1897014508334468,
/Users/lachlants/Documents/GIFs/Email/https___mcusercontent.com_cdfc29de68ae93588ec6b0a8f_images_e926f7a2-b679-1f8b-c3ba-612a32744fd5.gif,20,real,,none,1.0,0.9365923132319532,1.0,0.7496057720506686,-0.06340768676804676,-0.2503942279493314,0.18698654118128466,
/Users/lachlants/Documents/GIFs/Email/https___mcusercontent.com_9284751802d775d29b8491886_images_99ac6bb0-5087-c5c1-c9b0-3d27c332ad28.gif,60,real,,dedup,1.0,0.9683469403005318,1.0,0.7845363776187775,-0.03165305969946819,-0.21546362238122252,0.18381056268175433,
/tmp/giflab_divergence_synth/gradient_xlarge.gif,40,synthetic,gradient,none,1.0,0.9640921396773492,1.0,0.7848140460255286,-0.03590786032265081,-0.21518595397447138,0.17927809365182057,
/Users/lachlants/Documents/GIFs/Email/https___mcusercontent.com_9284751802d775d29b8491886_images_99ac6bb0-5087-c5c1-c9b0-3d27c332ad28.gif,40,real,,dedup,1.0,0.9754415975932018,1.0,0.796588385854519,-0.024558402406798185,-0.20341161414548103,0.17885321173868285,
/Users/lachlants/Documents/GIFs/Email/https___gstatic.com_growthlab_api_XpkfMAWfUsWgNNUjSs9rFrQEh4lGNfiFD4VIkoTD.gif,60,real,,dedup,1.0,0.9483924681309416,1.0,0.7738982886512924,-0.05160753186905842,-0.2261017113487076,0.17449417947964918,
/Users/lachlants/Documents/GIFs/Email/unnamed copy 10.gif,40,real,,none,1.0,0.8626736481204775,1.0,0.6899331964128705,-0.13732635187952247,-0.31006680358712946,0.172740451707607,
/Users/lachlants/Documents/GIFs/Email/https___gstatic.com_growthlab_api_XpkfMAWfUsWgNNUjSs9rFrQEh4lGNfiFD4VIkoTD.gif,40,real,,dedup,1.0,0.9525790904568068,1.0,0.7809988717760239,-0.047420909543193224,-0.2190011282239761,0.17158021868078288,
/Users/lachlants/Documents/GIFs/Email/unnamed copy 10.gif,20,real,,none,1.0,0.9420726882338089,1.0,0.772458846656313,-0.05792731176619115,-0.22754115334368696,0.16961384157749582,
/Users/lachlants/Documents/GIFs/Email/https___mcusercontent.com_cdfc29de68ae93588ec6b0a8f_images_e926f7a2-b679-1f8b-c3ba-612a32744fd5.gif,40,real,,none,1.0,0.8425737443621584,1.0,0.6738319517164159,-0.15742625563784163,-0.32616804828358414,0.16874179264574252,
/Users/lachlants/Documents/GIFs/Email/https___gstatic.com_growthlab_api_XpkfMAWfUsWgNNUjSs9rFrQEh4lGNfiFD4VIkoTD.gif,20,real,,dedup,1.0,0.9565778967063736,1.0,0.7921790335594652,-0.04342210329362639,-0.20782096644053483,0.16439886314690844,
/tmp/giflab_divergence_synth/gradient_medium.gif,40,synthetic,gradient,none,1.0,0.8977350486332216,1.0,0.7334653614206037,-0.10226495136677838,-0.2665346385793963,0.16426968721261792,
/Users/lachlants/Documents/GIFs/Email/https___mcusercontent.com_f85fe69f37a041b9d3dcd09f9_images_66157541-b899-8e00-4315-ab5e9e8d1c7e.gif,60,real,,none,1.0,0.95734549323491,1.0,0.7983952485309156,-0.04265450676508997,-0.2016047514690844,0.15895024470399444,
/Users/lachlants/Documents/GIFs/Website/original.gif,60,real,,dedup,1.0,0.97159878145962,1.0,0.8141829810607727,-0.028401218540380024,-0.1858170189392273,0.15741580039884728,
/Users/lachlants/Documents/GIFs/Email/http___i3.cmail20.com_ei_i_59_AE7_C49_csimport_TM35_readthis_MREClisten_now.163727.gif,60,real,,none,1.0,0.9534009109164588,1.0,0.7982603669138925,-0.046599089083541156,-0.20173963308610754,0.15514054400256638,
/tmp/giflab_divergence_synth/gradient_medium.gif,60,synthetic,gradient,none,1.0,0.8447000810457921,1.0,0.6902451141735539,-0.15529991895420792,-0.30975488582644606,0.15445496687223814,
/Users/lachlants/Documents/GIFs/Email/unnamed copy 10.gif,60,real,,none,1.0,0.8002921445743387,1.0,0.6467215199247958,-0.19970785542566127,-0.35327848007520424,0.15357062464954296,
/Users/lachlants/Documents/GIFs/Email/http___i3.cmail20.com_ei_i_59_AE7_C49_csimport_TM35_readthis_MREClisten_now.163727.gif,40,real,,none,1.0,0.9683698742149413,1.0,0.8176583356749645,-0.03163012578505875,-0.1823416643250355,0.15071153853997676,
/Users/lachlants/Documents/GIFs/Email/https___mcusercontent.com_f85fe69f37a041b9d3dcd09f9_images_66157541-b899-8e00-4315-ab5e9e8d1c7e.gif,40,real,,none,1.0,0.9727467894442752,1.0,0.8233584776596493,-0.027253210555724827,-0.1766415223403507,0.14938831178462586,
/Users/lachlants/Documents/GIFs/Email/unnamed copy 5.gif,40,real,,none,1.0,0.9263375292522906,1.0,0.7773112928287448,-0.07366247074770937,-0.22268870717125522,0.14902623642354584,
/Users/lachlants/Documents/GIFs/Email/unnamed copy 5.gif,60,real,,none,1.0,0.8707248373347638,1.0,0.7219211150459858,-0.1292751626652362,-0.2780788849540142,0.14880372228877803,
/tmp/giflab_divergence_synth/smooth_gradient.gif,40,synthetic,gradient,none,1.0,0.8882772907225969,1.0,0.740182623259634,-0.11172270927740313,-0.259817376740366,0.14809466746296285,
/Users/lachlants/Documents/GIFs/Email/https___i1.cmail20.com_ei_j_05_42F_D59_091032_csfinal_NoN25-Presale-Gif-Header-990000000004513c.gif,20,real,,none,1.0,0.915325022186558,1.0,0.7673052742550777,-0.08467497781344202,-0.23269472574492234,0.14801974793148032,
"/Users/lachlants/Documents/GIFs/Email/https___content.app-us1.com_cdn-cgi_image_width=650,dpr=2,fit=scale-down,format=auto,onerror=redirect_3rZo7_2024_03_07_c2452dba-b677-4b9b-9503-e5211590c454.gif",20,real,,none,1.0,0.9302120123499172,1.0,0.7843591625515687,-0.06978798765008276,-0.21564083744843132,0.14585284979834856,
/Users/lachlants/Documents/GIFs/Email/https___d3k81ch9hvuctc.cloudfront.net_company_U85BQH_images_82a45bf0-224d-4916-8fa9-1abc15aee5c3.gif,60,real,,none,1.0,0.9084795738058022,1.0,0.7630323620253977,-0.09152042619419776,-0.2369676379746023,0.14544721178040454,
"/Users/lachlants/Documents/GIFs/Email/https___content.app-us1.com_cdn-cgi_image_width=650,dpr=2,fit=scale-down,format=auto,onerror=redirect_3rZo7_2024_03_07_c2452dba-b677-4b9b-9503-e5211590c454.gif",40,real,,none,1.0,0.8567784266704028,1.0,0.711340803504802,-0.14322157332959717,-0.288659196495198,0.14543762316560083,
/Users/lachlants/Documents/GIFs/Email/https___d3k81ch9hvuctc.cloudfront.net_company_REkHnd_images_887551a8-b37f-4e22-b2d6-ef77c184782d.gif,60,real,,none,1.0,0.9091685701520278,1.0,0.7666468675518983,-0.09083142984797221,-0.23335313244810174,0.14252170260012953,
/Users/lachlants/Documents/GIFs/Email/https___media.wordfly.com_malthousetheatre_emails_lg-2024-comedy-fest-preshow-announce_mv01-4-venue24-micf2025-edmbanner-1920x1280-v3-1.gif,60,real,,none,1.0,0.9437542990890764,1.0,0.8013739608014991,-0.056245700910923624,-0.19862603919850086,0.14238033828757723,
/tmp/giflab_divergence_synth/gradient_small.gif,60,synthetic,gradient,none,1.0,0.91842656947138,1.0,0.7760944030374131,-0.08157343052861998,-0.22390559696258694,0.14233216643396696,
/Users/lachlants/Documents/GIFs/test gifs/https___mcusercontent.com_0682bb2f1d62db2dad6a2ed4b_images_da8e365e-0401-ebab-3906-953a6fb158c3.gif,60,real,,dedup,1.0,0.8803493382428882,1.0,0.7381335296428605,-0.11965066175711181,-0.2618664703571395,0.1422158086000277,
/Users/lachlants/Documents/GIFs/Email/https___mcusercontent.com_5a6eda7241a0bb8bb0a2ab3bc_images_b9ccabf0-a812-57df-5a67-02a4380a2e93.gif,40,real,,none,1.0,0.8403876947684094,1.0,0.6985641093772491,-0.15961230523159065,-0.3014358906227509,0.14182358539116025,
/Users/lachlants/Documents/GIFs/Website/clickup.gif,20,real,,none,1.0,0.9405488513624082,1.0,0.7987516792122704,-0.05945114863759182,-0.20124832078772958,0.14179717215013776,
/Users/lachlants/Documents/GIFs/Email/https___images.vialoops.com_cmm3upxu001xd0ixmruu1cz0n_cmm3xclqe01mm0izl7g78x3kq.gif,40,real,,none,1.0,0.9009642515360752,1.0,0.7595562260990535,-0.09903574846392482,-0.2404437739009465,0.1414080254370217,
/Users/lachlants/Documents/GIFs/Email/https___d3k81ch9hvuctc.cloudfront.net_company_X9u8pE_images_2b21621c-9be2-452a-afe8-6f635f8b835c.gif,60,real,,none,1.0,0.8916070869919611,1.0,0.7508126478439326,-0.10839291300803888,-0.24918735215606735,0.14079443914802847,
/Users/lachlants/Documents/GIFs/Website/clickup.gif,40,real,,none,1.0,0.8787637490568276,1.0,0.7380810021275255,-0.12123625094317236,-0.2619189978724745,0.14068274692930216,
/tmp/giflab_divergence_synth/smooth_gradient.gif,60,synthetic,gradient,none,1.0,0.8500257187696023,1.0,0.7107459724233723,-0.1499742812303977,-0.28925402757662766,0.13927974634622997,
/Users/lachlants/Documents/GIFs/test gifs/https___mcusercontent.com_0682bb2f1d62db2dad6a2ed4b_images_da8e365e-0401-ebab-3906-953a6fb158c3.gif,40,real,,dedup,1.0,0.9154951934499608,1.0,0.7767964870673788,-0.08450480655003922,-0.2232035129326212,0.13869870638258197,
/Users/lachlants/Documents/GIFs/Email/https___d3k81ch9hvuctc.cloudfront.net_company_V8V4pz_images_c61edd74-85bd-4618-8b45-49a9be372a05.gif,20,real,,none,1.0,0.9415510395514394,1.0,0.8034722378649904,-0.05844896044856063,-0.19652776213500955,0.13807880168644893,
/Users/lachlants/Documents/GIFs/Email/https___d3k81ch9hvuctc.cloudfront.net_company_REkHnd_images_887551a8-b37f-4e22-b2d6-ef77c184782d.gif,40,real,,none,1.0,0.9317780932584624,1.0,0.7943373351051799,-0.06822190674153761,-0.2056626648948201,0.1374407581532825,
/tmp/giflab_divergence_synth/minimal_frames.gif,60,synthetic,gradient,none,1.0,0.8492623397702989,1.0,0.7121869429817446,-0.15073766022970114,-0.28781305701825544,0.1370753967885543,
/Users/lachlants/Documents/GIFs/Website/original.gif,40,real,,dedup,1.0,0.983109522710105,1.0,0.8461163453790856,-0.016890477289895012,-0.15388365462091436,0.13699317733101934,
/Users/lachlants/Documents/GIFs/Email/https___d3k81ch9hvuctc.cloudfront.net_company_U85BQH_images_82a45bf0-224d-4916-8fa9-1abc15aee5c3.gif,40,real,,none,1.0,0.9335430594917656,1.0,0.7966976762534572,-0.06645694050823436,-0.20330232374654278,0.13684538323830842,
/Users/lachlants/Documents/GIFs/Email/https___mcusercontent.com_5a6eda7241a0bb8bb0a2ab3bc_images_b9ccabf0-a812-57df-5a67-02a4380a2e93.gif,20,real,,none,1.0,0.922307975746404,1.0,0.7856101117694876,-0.077692024253596,-0.21438988823051242,0.1366978639769164,
/Users/lachlants/Documents/GIFs/Website/clickup.gif,60,real,,none,1.0,0.838271335879251,1.0,0.7020891013913793,-0.16172866412074904,-0.29791089860862074,0.1361822344878717,
/Users/lachlants/Documents/GIFs/Email/https___mcusercontent.com_cdfc29de68ae93588ec6b0a8f_images_e926f7a2-b679-1f8b-c3ba-612a32744fd5.gif,60,real,,none,1.0,0.7596656184191358,1.0,0.6236700968014837,-0.24033438158086418,-0.37632990319851634,0.13599552161765216,
/Users/lachlants/Documents/GIFs/Email/http___i3.cmail20.com_ei_i_59_AE7_C49_csimport_TM35_readthis_MREClisten_now.163727.gif,20,real,,none,1.0,0.9796678856173726,1.0,0.8440060618422206,-0.020332114382627386,-0.1559939381577794,0.135661823775152,
/Users/lachlants/Documents/GIFs/Email/https___mcusercontent.com_5a6eda7241a0bb8bb0a2ab3bc_images_24898123-98b5-b476-dc87-6dc29bfc2782.gif,20,real,,none,1.0,0.941908886843654,1.0,0.8064511856323139,-0.058091113156345964,-0.19354881436768612,0.13545770121134015,
/Users/lachlants/Documents/GIFs/Email/https___mcusercontent.com_1baa1f1b305949ec908c25dd4_images_e7242d77-9e24-bea2-d2cb-b2fe7f8f37fe.gif,20,real,,none,1.0,0.9477306957581744,1.0,0.8132183547298462,-0.05226930424182563,-0.18678164527015384,0.1345123410283282,
/Users/lachlants/Documents/GIFs/Email/http___i4.cmail20.com_ei_i_81_4E5_54B_csimport_MRECanimated1300x250px1.161055.gif,60,real,,none,1.0,0.9089921927723827,1.0,0.7748871373657694,-0.09100780722761725,-0.22511286263423058,0.13410505540661333,
/Users/lachlants/Documents/GIFs/Email/http___i4.cmail20.com_ei_i_81_4E5_54B_csimport_MRECanimated1300x250px1.161055.gif,40,real,,none,1.0,0.947881210081757,1.0,0.8148298663098883,-0.052118789918243036,-0.1851701336901117,0.13305134377186867,
/Users/lachlants/Documents/GIFs/Email/https___i1.cmail20.com_ei_j_05_42F_D59_091032_csfinal_NoN25-Presale-Gif-Header-990000000004513c.gif,40,real,,none,1.0,0.8121029285632541,1.0,0.6795451511902907,-0.18789707143674594,-0.3204548488097093,0.13255777737296337,
"/Users/lachlants/Documents/GIFs/Email/https___content.app-us1.com_cdn-cgi_image_width=650,dpr=2,fit=scale-down,format=auto,onerror=redirect_3rZo7_2024_03_07_c2452dba-b677-4b9b-9503-e5211590c454.gif",60,real,,none,1.0,0.7974482138652242,1.0,0.6654727456814387,-0.20255178613477576,-0.33452725431856134,0.13197546818378558,
/Users/lachlants/Documents/GIFs/Email/https___mcusercontent.com_5a6eda7241a0bb8bb0a2ab3bc_images_6cfaefe2-9879-4af9-cc79-02b4ac8dd097.gif,60,real,,none,1.0,0.9527020138655036,1.0,0.8211781353987411,-0.04729798613449643,-0.17882186460125893,0.1315238784667625,
/Users/lachlants/Documents/GIFs/Email/https___media.wordfly.com_malthousetheatre_emails_lg-2024-comedy-fest-preshow-announce_mv01-4-venue24-micf2025-edmbanner-1920x1280-v3-1.gif,40,real,,none,1.0,0.9665899105226308,1.0,0.835464396837236,-0.03341008947736923,-0.16453560316276405,0.13112551368539482,
/tmp/giflab_divergence_synth/single_pixel_anim.gif,60,synthetic,micro_detail,none,1.0,0.9977623848797862,1.0,0.8666640235474313,-0.0022376151202138095,-0.13333597645256867,0.13109836133235486,verdict
/Users/lachlants/Documents/GIFs/Email/https___mcusercontent.com_5a6eda7241a0bb8bb0a2ab3bc_images_24898123-98b5-b476-dc87-6dc29bfc2782.gif,40,real,,none,1.0,0.8440998665507823,1.0,0.7132130866150646,-0.15590013344921771,-0.28678691338493545,0.13088677993571773,
/Users/lachlants/Documents/GIFs/Email/https___mcusercontent.com_5a6eda7241a0bb8bb0a2ab3bc_images_b9ccabf0-a812-57df-5a67-02a4380a2e93.gif,60,real,,none,1.0,0.7683654387138058,1.0,0.6375736392945025,-0.2316345612861942,-0.3624263607054975,0.1307917994193033,
/Users/lachlants/Documents/GIFs/Website/original.gif,20,real,,dedup,1.0,0.9818551132361308,1.0,0.8526120118404009,-0.01814488676386916,-0.14738798815959908,0.12924310139572992,
/Users/lachlants/Documents/GIFs/Email/https___images.vialoops.com_cmm3upxu001xd0ixmruu1cz0n_cmm3xclqe01mm0izl7g78x3kq.gif,60,real,,none,1.0,0.8221306036497197,1.0,0.6930518869356451,-0.17786939635028032,-0.3069481130643549,0.12907871671407456,
/Users/lachlants/Documents/GIFs/Email/https___mcusercontent.com_88adb327dcabde30998542a7d_images_8e172835-7e1d-a4d9-0445-244425430cd5.gif,60,real,,none,1.0,0.9364909000221058,1.0,0.8074973664485849,-0.06350909997789422,-0.19250263355141506,0.12899353357352084,
/Users/lachlants/Documents/GIFs/Email/https___i1.cmail19.com_ei_i_CB_C4C_5B2_csimport_240932_SugimotoThePostDigitalAds_V01_970x25.163742.gif,60,real,,none,1.0,0.966060242028336,1.0,0.8375943978069834,-0.03393975797166404,-0.16240560219301658,0.12846584422135254,
/Users/lachlants/Documents/GIFs/Email/https___d3k81ch9hvuctc.cloudfront.net_company_X9u8pE_images_2b21621c-9be2-452a-afe8-6f635f8b835c.gif,40,real,,none,1.0,0.9251438077041582,1.0,0.7974873376117199,-0.07485619229584184,-0.20251266238828014,0.1276564700924383,
"/Users/lachlants/Documents/GIFs/Email/https___content.app-us1.com_cdn-cgi_image_format=auto,onerror=redirect,width=650,dpr=2,fit=scale-down_3rZo7_2024_06_11_7aa17b6e-87da-4d40-8a29-94d4985416b4.gif",60,real,,none,1.0,0.842133955643196,1.0,0.7155029093305123,-0.15786604435680396,-0.2844970906694877,0.12663104631268374,
/Users/lachlants/Documents/GIFs/Email/https___i4.cmail20.com_ei_i_75_24D_4B5_csimport_300-x-2501.154633.gif,60,real,,none,1.0,0.9728330872366928,1.0,0.8471970337936453,-0.027166912763307183,-0.1528029662063547,0.1256360534430475,
/Users/lachlants/Documents/GIFs/Email/https___userimg-assets.customeriomail.com_images_client-env-162930_1774449091657_iOS_swipeback_01KMJPGS3S8VDHCC0YQAKKC05V.gif,20,real,,none,1.0,0.9453601205217016,1.0,0.8207844896054781,-0.0546398794782984,-0.17921551039452188,0.12457563091622348,
/Users/lachlants/Documents/GIFs/Email/https___d3k81ch9hvuctc.cloudfront.net_company_X9u8pE_images_2b21621c-9be2-452a-afe8-6f635f8b835c.gif,20,real,,none,1.0,0.9653253546671584,1.0,0.8411248445202328,-0.03467464533284159,-0.15887515547976716,0.12420051014692557,
/Users/lachlants/Documents/GIFs/Email/Superhuman 81246536.gif,60,real,,dedup,1.0,0.8326360943714465,1.0,0.7086484694931084,-0.16736390562855352,-0.29135153050689155,0.12398762487833803,
/Users/lachlants/Documents/GIFs/Email/https___mcusercontent.com_5a6eda7241a0bb8bb0a2ab3bc_images_bcf6754a-d612-66f9-54bc-9135af99be66.gif,20,real,,none,1.0,0.9307420324745114,1.0,0.8075021641698125,-0.06925796752548863,-0.19249783583018754,0.12323986830469891,
/Users/lachlants/Documents/GIFs/Email/https___mcusercontent.com_9284751802d775d29b8491886_images_99ac6bb0-5087-c5c1-c9b0-3d27c332ad28.gif,20,real,,none,1.0,0.9909892970004102,1.0,0.8679755726669035,-0.009010702999589837,-0.1320244273330965,0.12301372433350666,
/Users/lachlants/Documents/GIFs/Email/innernorth.gif,20,real,,none,1.0,0.9441414648753296,1.0,0.8212148461150823,-0.05585853512467043,-0.17878515388491767,0.12292661876024724,
/Users/lachlants/Documents/GIFs/Email/https___userimg-assets.customeriomail.com_images_client-env-99697_1705103848622_ai-announcement_01HM01QX7KJD0387CRABAHPXTV.gif,40,real,,dedup,1.0,0.9521528568554826,1.0,0.8293595059595799,-0.047847143144517434,-0.17064049404042014,0.12279335089590271,
/Users/lachlants/Documents/GIFs/Website/681b910e58e074aff61bfc44_68747470733a2f2f75736572696d672d6173736574732e637573746f6d6572696f6d61696c2e636f6d2f696d616765732f636c69656e742d656e762d39393639372f313734343231393633353339325f74696d65626f78696e67253230332e302532306769665f31395f303.gif,20,real,,none,1.0,0.9337121244424764,1.0,0.8111808680288342,-0.06628787555752358,-0.18881913197116584,0.12253125641364226,
/Users/lachlants/Documents/GIFs/Email/https___mcusercontent.com_5a6eda7241a0bb8bb0a2ab3bc_images_6cfaefe2-9879-4af9-cc79-02b4ac8dd097.gif,40,real,,none,1.0,0.9713853961077572,1.0,0.8494255985585001,-0.028614603892242796,-0.15057440144149992,0.12195979754925712,
/Users/lachlants/Documents/GIFs/Website/681b910e58e074aff61bfc44_68747470733a2f2f75736572696d672d6173736574732e637573746f6d6572696f6d61696c2e636f6d2f696d616765732f636c69656e742d656e762d39393639372f313734343231393633353339325f74696d65626f78696e67253230332e302532306769665f31395f303.gif,40,real,,none,1.0,0.8985022452125994,1.0,0.7766317191299125,-0.10149775478740064,-0.22336828087008753,0.12187052608268689,
/Users/lachlants/Documents/GIFs/Email/https___i1.cmail19.com_ei_i_CB_C4C_5B2_csimport_240932_SugimotoThePostDigitalAds_V01_970x25.163742.gif,40,real,,none,1.0,0.9755171991219824,1.0,0.8537873954928166,-0.024482800878017574,-0.14621260450718343,0.12172980362916586,
/Users/lachlants/Documents/GIFs/Email/https___mona-edms.s3.mona.net.au_Once+Upon+a+Time+in+Shaolin+EDM_Namedropping_WuTang_eDM_Announce_1.gif,40,real,,none,1.0,0.8854760413639081,1.0,0.7644776711804453,-0.11452395863609188,-0.2355223288195547,0.12099837018346282,
/Users/lachlants/Documents/GIFs/Email/https___mcusercontent.com_88adb327dcabde30998542a7d_images_8e172835-7e1d-a4d9-0445-244425430cd5.gif,40,real,,none,1.0,0.9567888254255236,1.0,0.8358479830341968,-0.04321117457447643,-0.16415201696580317,0.12094084239132674,
/tmp/giflab_divergence_synth/single_pixel_anim.gif,40,synthetic,micro_detail,none,1.0,0.9977626265348148,1.0,0.8770432885847357,-0.002237373465185155,-0.12295671141526432,0.12071933795007916,verdict
/Users/lachlants/Documents/GIFs/Website/681b910e58e074aff61bfc44_68747470733a2f2f75736572696d672d6173736574732e637573746f6d6572696f6d61696c2e636f6d2f696d616765732f636c69656e742d656e762d39393639372f313734343231393633353339325f74696d65626f78696e67253230332e302532306769665f31395f303.gif,60,real,,none,1.0,0.8651575109859012,1.0,0.7447429981800707,-0.1348424890140988,-0.2552570018199293,0.12041451280583049,
/Users/lachlants/Documents/GIFs/Email/https___images.vialoops.com_cmm3upxu001xd0ixmruu1cz0n_cmm3xclqe01mm0izl7g78x3kq.gif,20,real,,none,1.0,0.9736202378990512,1.0,0.8533874385436568,-0.026379762100948834,-0.14661256145634316,0.12023279935539433,
/tmp/giflab_divergence_synth/complex_gradient.gif,60,synthetic,complex_gradient,none,1.0,0.8839167384124167,1.0,0.764132862226559,-0.11608326158758331,-0.23586713777344104,0.11978387618585773,
/Users/lachlants/Documents/GIFs/Email/https___d3k81ch9hvuctc.cloudfront.net_company_VnK4p8_images_034b3b62-efa8-4bd6-bda5-8eba1501eaa7.gif,20,real,,none,1.0,0.9234793046883756,1.0,0.8037848650785665,-0.07652069531162442,-0.1962151349214335,0.11969443960980908,
/Users/lachlants/Documents/GIFs/Email/http___i4.cmail19.com_ei_i_C4_7A8_07B_csimport_SWF24_Digital_AnimatedProgrammatic_300x250_.160214.gif,40,real,,dedup,1.0,0.92878157188221,1.0,0.8106597959412445,-0.07121842811779,-0.1893402040587555,0.11812177594096551,
/Users/lachlants/Documents/GIFs/Email/https___d3k81ch9hvuctc.cloudfront.net_company_U85BQH_images_82a45bf0-224d-4916-8fa9-1abc15aee5c3.gif,20,real,,none,1.0,0.9710843171639628,1.0,0.8532329630731239,-0.028915682836037182,-0.1467670369268761,0.11785135409083891,
/tmp/giflab_divergence_synth/single_pixel_anim.gif,20,synthetic,micro_detail,none,1.0,0.9977621432247576,1.0,0.8801571459442157,-0.002237856775242353,-0.11984285405578432,0.11760499728054197,verdict
/Users/lachlants/Documents/GIFs/Email/https___mcusercontent.com_9284751802d775d29b8491886_images_8ab89c3f-d68f-79b9-50ec-ceb97c79950f.gif,20,real,,none,1.0,0.9391772148125084,1.0,0.8216138058505273,-0.060822785187491624,-0.17838619414947265,0.11756340896198103,
/Users/lachlants/Documents/GIFs/Email/http___i4.cmail19.com_ei_i_C4_7A8_07B_csimport_SWF24_Digital_AnimatedProgrammatic_300x250_.160214.gif,20,real,,dedup,1.0,0.933270316629918,1.0,0.8158110412104762,-0.066729683370082,-0.1841889587895238,0.11745927541944179,
/Users/lachlants/Documents/GIFs/Email/https___userimg-assets.customeriomail.com_images_client-env-93295_1726252371024_New%20Notion%20AI%20Hero_01J7PAHKB26962QV5PBM1C3EWM.gif,40,real,,none,1.0,0.9415631554619928,1.0,0.8243567095310986,-0.05843684453800724,-0.17564329046890137,0.11720644593089413,
/Users/lachlants/Documents/GIFs/Email/https___mcusercontent.com_02daa6a2f0aa90cc9c88c656e_images_f19df0a2-38b1-de19-799b-da8e75ea341e (1).gif,60,real,,none,1.0,0.8299370882592941,1.0,0.7130918221694915,-0.17006291174070587,-0.2869081778305085,0.11684526608980261,
/Users/lachlants/Documents/GIFs/Email/https___mcusercontent.com_f85fe69f37a041b9d3dcd09f9_images_66157541-b899-8e00-4315-ab5e9e8d1c7e.gif,20,real,,none,1.0,0.9888275666819876,1.0,0.872412219328511,-0.011172433318012431,-0.12758778067148902,0.11641534735347658,
/Users/lachlants/Documents/GIFs/Email/https___d3k81ch9hvuctc.cloudfront.net_company_REkHnd_images_887551a8-b37f-4e22-b2d6-ef77c184782d.gif,20,real,,none,1.0,0.9617444247931132,1.0,0.8457015406995373,-0.03825557520688683,-0.1542984593004627,0.11604288409357588,
/tmp/giflab_divergence_synth/texture_complex.gif,60,synthetic,texture,none,1.0,0.8606976602295004,1.0,0.7446947824047271,-0.13930233977049955,-0.2553052175952729,0.11600287782477336,
/Users/lachlants/Documents/GIFs/Email/unnamed copy 5.gif,20,real,,none,1.0,0.9756544042098058,1.0,0.85982561272904,-0.02434559579019424,-0.14017438727096,0.11582879148076575,
/Users/lachlants/Documents/GIFs/Email/https___mona-edms.s3.mona.net.au_Once+Upon+a+Time+in+Shaolin+EDM_Namedropping_WuTang_eDM_Announce_1.gif,60,real,,none,1.0,0.8653792173798257,1.0,0.7497499897459692,-0.1346207826201743,-0.2502500102540308,0.11562922763385652,
/Users/lachlants/Documents/GIFs/Email/https___mcusercontent.com_5a6eda7241a0bb8bb0a2ab3bc_images_24898123-98b5-b476-dc87-6dc29bfc2782.gif,60,real,,none,1.0,0.7654218513118082,1.0,0.6500851473779902,-0.23457814868819182,-0.34991485262200983,0.11533670393381801,
/Users/lachlants/Documents/GIFs/Email/https___i4.cmail20.com_ei_i_75_24D_4B5_csimport_300-x-2501.154633.gif,40,real,,none,1.0,0.9817839964880104,1.0,0.8669516220549285,-0.018216003511989598,-0.13304837794507152,0.11483237443308192,
/tmp/giflab_divergence_synth/complex_gradient.gif,40,synthetic,complex_gradient,none,1.0,0.930772459924853,1.0,0.8164034673354881,-0.06922754007514698,-0.18359653266451192,0.11436899258936495,
/Users/lachlants/Documents/GIFs/Email/https___i1.cmail20.com_ei_j_D8_7EA_7AF_csimport_piss.151214.gif,20,real,,none,1.0,0.9519874412769774,1.0,0.8381683640882032,-0.04801255872302257,-0.16183163591179683,0.11381907718877426,
/Users/lachlants/Documents/GIFs/Email/https___userimg-assets.customeriomail.com_images_client-env-99697_1705103848622_ai-announcement_01HM01QX7KJD0387CRABAHPXTV.gif,60,real,,dedup,1.0,0.9185816582569308,1.0,0.8048680438086766,-0.08141834174306917,-0.1951319561913234,0.11371361444825423,
/tmp/giflab_divergence_synth/noise_large.gif,60,synthetic,noise,none,1.0,0.9218898950416118,1.0,0.809043518084676,-0.07811010495838822,-0.190956481915324,0.11284637695693578,
/Users/lachlants/Documents/GIFs/Email/https___d3k81ch9hvuctc.cloudfront.net_company_Tweivk_images_9b63ce3a-2341-458f-981f-64dc6c58a42c.gif,20,real,,none,1.0,0.9339224572519348,1.0,0.8216217209868736,-0.06607754274806521,-0.17837827901312642,0.11230073626506121,
/Users/lachlants/Documents/GIFs/Email/https___userimg-assets.customeriomail.com_images_client-env-99697_1705103848622_ai-announcement_01HM01QX7KJD0387CRABAHPXTV.gif,20,real,,dedup,1.0,0.980234536289654,1.0,0.8696683070951571,-0.019765463710346043,-0.13033169290484292,0.11056622919449688,
/Users/lachlants/Documents/GIFs/Email/Superhuman 81246536.gif,40,real,,none,1.0,0.920101910980163,1.0,0.809656391262458,-0.07989808901983697,-0.19034360873754197,0.110445519717705,
/Users/lachlants/Documents/GIFs/Website/64e84ea7006ccc7100a67c78_Property 1=SUN_SPIKEY_WEB 1.gif,60,real,,none,1.0,0.9605092672112476,1.0,0.8501277944631263,-0.03949073278875237,-0.14987220553687375,0.11038147274812138,
/Users/lachlants/Documents/GIFs/Website/lunar-new-year-2024-hk-vn-sg-6753651837109996-law.gif,60,real,,none,1.0,0.930459609104246,1.0,0.8201470611445284,-0.06954039089575403,-0.1798529388554716,0.11031254795971757,
/Users/lachlants/Documents/GIFs/Email/innernorth.gif,40,real,,none,1.0,0.845373816203064,1.0,0.7352059953316452,-0.15462618379693605,-0.2647940046683548,0.11016782087141874,
/Users/lachlants/Documents/GIFs/Email/https___i1.cmail19.com_ei_i_CB_C4C_5B2_csimport_240932_SugimotoThePostDigitalAds_V01_970x25.163742.gif,20,real,,none,1.0,0.9874448245260488,1.0,0.8773578202491559,-0.012555175473951241,-0.12264217975084413,0.11008700427689289,
/Users/lachlants/Documents/GIFs/Email/https___userimg-assets.customeriomail.com_images_client-env-93295_1726252371024_New%20Notion%20AI%20Hero_01J7PAHKB26962QV5PBM1C3EWM.gif,60,real,,none,1.0,0.8959686222406742,1.0,0.7861244486853038,-0.1040313777593258,-0.21387555131469616,0.10984417355537035,
/Users/lachlants/Documents/GIFs/Email/https___mcusercontent.com_5a6eda7241a0bb8bb0a2ab3bc_images_d58c4aa6-242e-6eae-9541-46e2b65c302c.gif,20,real,,none,1.0,0.9166608224913524,1.0,0.8069670742033118,-0.08333917750864761,-0.19303292579668818,0.10969374828804057,
/Users/lachlants/Documents/GIFs/Email/https___d3b9kr64nievew.cloudfront.net_cluahoxpv0081ucgwcn7s6713_cluahw3y300w3s0m46x9tojhl.gif,60,real,,dedup,1.0,0.971990886026998,1.0,0.8623009353299607,-0.028009113973001987,-0.13769906467003934,0.10968995069703735,
/Users/lachlants/Documents/GIFs/Email/https___media.wordfly.com_perthfestival_emails_camp25-or-gen-enews-summit_summit-gif-2.gif,40,real,,none,1.0,0.8705932118238846,1.0,0.7612072754091378,-0.1294067881761154,-0.2387927245908622,0.10938593641474681,
/Users/lachlants/Documents/GIFs/Email/http___i4.cmail19.com_ei_i_C4_7A8_07B_csimport_SWF24_Digital_AnimatedProgrammatic_300x250_.160214.gif,60,real,,dedup,1.0,0.9016749029287856,1.0,0.792460246367778,-0.0983250970712144,-0.207539753632222,0.1092146565610076,
/Users/lachlants/Documents/GIFs/Email/https___i1.cmail20.com_ei_j_05_42F_D59_091032_csfinal_NoN25-Presale-Gif-Header-990000000004513c.gif,60,real,,none,1.0,0.7299071954621651,1.0,0.6207445884587786,-0.2700928045378349,-0.37925541154122144,0.10916260700338654,
/Users/lachlants/Documents/GIFs/Email/https___d3k81ch9hvuctc.cloudfront.net_company_V8V4pz_images_c61edd74-85bd-4618-8b45-49a9be372a05.gif,40,real,,none,1.0,0.8475246256007815,1.0,0.73879293683757,-0.15247537439921854,-0.26120706316243003,0.10873168876321149,
/tmp/giflab_divergence_synth/texture_complex.gif,40,synthetic,texture,none,1.0,0.9013136090549212,1.0,0.7932676547869139,-0.0986863909450788,-0.20673234521308614,0.10804595426800734,
/Users/lachlants/Documents/GIFs/Email/https___i5.cmail19.com_ei_i_F9_E01_E30_csimport_07-Jul24_Bundanon_The-Post--The-Arts_EDM_30.170422.gif,40,real,,none,1.0,0.9419377860279852,1.0,0.8339338235595283,-0.05806221397201483,-0.16606617644047172,0.1080039624684569,
/Users/lachlants/Documents/GIFs/Website/lunar-new-year-2024-hk-vn-sg-6753651837109996-law.gif,40,real,,none,1.0,0.956367251797226,1.0,0.8484949902098643,-0.04363274820277396,-0.1515050097901357,0.10787226158736174,
/Users/lachlants/Documents/GIFs/Email/https___d3k81ch9hvuctc.cloudfront.net_company_U85BQH_images_62374738-3a10-492c-84ab-094056628261.gif,20,real,,none,1.0,0.949612458760144,1.0,0.8431120183286964,-0.050387541239856004,-0.15688798167130358,0.10650044043144757,
/Users/lachlants/Documents/GIFs/Website/chat.gif,40,real,,none,1.0,0.9259838971560764,1.0,0.8200984983997177,-0.07401610284392357,-0.1799015016002823,0.10588539875635872,
/Users/lachlants/Documents/GIFs/Email/https___media.wordfly.com_perthfestival_emails_camp25-or-gen-enews-summit_summit-gif-2.gif,20,real,,none,1.0,0.9793154371730683,1.0,0.8736869273291864,-0.02068456282693165,-0.1263130726708136,0.10562850984388195,
/Users/lachlants/Documents/GIFs/Email/http___i4.cmail20.com_ei_i_81_4E5_54B_csimport_MRECanimated1300x250px1.161055.gif,20,real,,none,1.0,0.9756700264109291,1.0,0.8707535512363141,-0.024329973589070852,-0.12924644876368585,0.104916475174615,
/Users/lachlants/Documents/GIFs/Email/https___mcusercontent.com_1baa1f1b305949ec908c25dd4_images_e7242d77-9e24-bea2-d2cb-b2fe7f8f37fe.gif,40,real,,none,1.0,0.797673909590678,1.0,0.6938740602059623,-0.20232609040932203,-0.3061259397940377,0.10379984938471565,
/Users/lachlants/Documents/GIFs/Website/not-found.1cf82301.gif,20,real,,none,1.0,0.9619301625529226,1.0,0.8583410869412224,-0.03806983744707737,-0.14165891305877765,0.10358907561170028,
/Users/lachlants/Documents/GIFs/Email/https___d3k81ch9hvuctc.cloudfront.net_company_REkHnd_images_d05338ea-5e02-461a-94ef-ff76b7e0c0e9.gif,60,real,,none,1.0,0.9245508899583428,1.0,0.8209761864394078,-0.07544911004165722,-0.17902381356059216,0.10357470351893494,
/Users/lachlants/Documents/GIFs/Email/https___i5.cmail19.com_ei_i_F9_E01_E30_csimport_07-Jul24_Bundanon_The-Post--The-Arts_EDM_30.170422.gif,20,real,,none,1.0,0.978084752702842,1.0,0.8745870024967894,-0.02191524729715799,-0.12541299750321055,0.10349775020605256,
/Users/lachlants/Documents/GIFs/Email/https___d3k81ch9hvuctc.cloudfront.net_company_U85BQH_images_959c9e57-53ee-43b2-8e05-c2a1d43492ce.gif,20,real,,none,1.0,0.9428591726475736,1.0,0.8398436332589161,-0.057140827352426427,-0.1601563667410839,0.10301553938865748,
/Users/lachlants/Documents/GIFs/Email/https___userimg-assets.customeriomail.com_images_client-env-162930_1774449091657_iOS_swipeback_01KMJPGS3S8VDHCC0YQAKKC05V.gif,40,real,,none,1.0,0.8861694635102684,1.0,0.7833098955135,-0.11383053648973163,-0.21669010448649995,0.10285956799676832,
/Users/lachlants/Documents/GIFs/Email/https___mona-edms.s3.mona.net.au_Once+Upon+a+Time+in+Shaolin+EDM_Namedropping_WuTang_eDM_Announce_1.gif,20,real,,none,1.0,0.947901011282714,1.0,0.8454786331494689,-0.05209898871728602,-0.15452136685053108,0.10242237813324506,
/tmp/giflab_divergence_synth/noise_small.gif,60,synthetic,noise,none,1.0,0.9383610732840332,1.0,0.8360034610668717,-0.061638926715966824,-0.16399653893312827,0.10235761221716144,
/Users/lachlants/Documents/GIFs/Email/https-::media.superhuman.com:images:_:https%3A%2F%2Fcontent.app-us1.com%2Fcdn-cgi%2Fimage%2Fwidth%3D650%2Cdpr%3D2%2Cfit%3Dscale-down%2Cformat%3Dauto%2Conerror%3Dredirect%2F3rZo7%2F2024%2F03%2F07%2F4e2a14ef-0ff0-41d8-aacc-b7ba26588cc8.gif,40,real,,none,1.0,0.9340640742520886,1.0,0.8327851885453318,-0.0659359257479114,-0.1672148114546682,0.1012788857067568,
/tmp/giflab_divergence_synth/photographic_noise.gif,60,synthetic,noise,none,1.0,0.9083871870750172,1.0,0.8071141467474702,-0.0916128129249828,-0.19288585325252983,0.10127304032754703,
/Users/lachlants/Documents/GIFs/Email/https___i5.cmail19.com_ei_i_F9_E01_E30_csimport_07-Jul24_Bundanon_The-Post--The-Arts_EDM_30.170422.gif,60,real,,none,1.0,0.911463624642588,1.0,0.8102927688635921,-0.08853637535741199,-0.18970723113640786,0.10117085577899587,
/Users/lachlants/Documents/GIFs/Email/https___mcusercontent.com_5a6eda7241a0bb8bb0a2ab3bc_images_6cfaefe2-9879-4af9-cc79-02b4ac8dd097.gif,20,real,,none,1.0,0.9877899960837764,1.0,0.8867305462666063,-0.012210003916223622,-0.1132694537333937,0.10105944981717008,
/Users/lachlants/Documents/GIFs/Email/https___cdn2.allevents.in_transup_43_f3dbb64087404da749e447708277b4_welcome-email-gif.gif,60,real,,none,1.0,0.943060402985244,1.0,0.8420316856875002,-0.05693959701475604,-0.1579683143124998,0.10102871729774376,
/Users/lachlants/Documents/GIFs/Email/https___d3k81ch9hvuctc.cloudfront.net_company_VnK4p8_images_cf0d1465-c855-4c00-b58a-ea24e2321532.gif,60,real,,none,1.0,0.8697219689879803,1.0,0.7687719358483843,-0.13027803101201973,-0.23122806415161568,0.10095003313959594,
/Users/lachlants/Documents/GIFs/Email/https-::media.superhuman.com:images:_:https%3A%2F%2Fcontent.app-us1.com%2Fcdn-cgi%2Fimage%2Fwidth%3D650%2Cdpr%3D2%2Cfit%3Dscale-down%2Cformat%3Dauto%2Conerror%3Dredirect%2F3rZo7%2F2024%2F03%2F07%2F4e2a14ef-0ff0-41d8-aacc-b7ba26588cc8.gif,60,real,,none,1.0,0.883045988950557,1.0,0.7827765135364391,-0.11695401104944303,-0.21722348646356093,0.1002694754141179,
/Users/lachlants/Documents/GIFs/Website/chat.gif,60,real,,none,1.0,0.8866014827799282,1.0,0.7868865355328489,-0.11339851722007177,-0.21311346446715107,0.0997149472470793,
/tmp/giflab_divergence_synth/minimal_frames.gif,40,synthetic,gradient,none,1.0,0.887105001561217,1.0,0.7879834309439401,-0.11289499843878303,-0.21201656905605992,0.09912157061727689,
/Users/lachlants/Documents/GIFs/Website/64e57f8915d0d761adf6173c_gif_ALIEN_BOOGIE_WEB 1-02.gif,60,real,,none,1.0,0.9844380289750068,1.0,0.8853658084672792,-0.015561971024993237,-0.11463419153272081,0.09907222050772757,
/Users/lachlants/Documents/GIFs/Email/https___d3k81ch9hvuctc.cloudfront.net_company_REkHnd_images_d05338ea-5e02-461a-94ef-ff76b7e0c0e9.gif,40,real,,none,1.0,0.9316154885357654,1.0,0.8325517261834487,-0.06838451146423463,-0.16744827381655125,0.09906376235231662,
/Users/lachlants/Documents/GIFs/Email/https___mcusercontent.com_5a6eda7241a0bb8bb0a2ab3bc_images_bcf6754a-d612-66f9-54bc-9135af99be66.gif,40,real,,none,1.0,0.8198518781545457,1.0,0.7208989167470539,-0.18014812184545426,-0.27910108325294614,0.09895296140749188,
/Users/lachlants/Documents/GIFs/Email/https___mcusercontent.com_21cfc09295377f72f03e377c6_images_4baf6d5d-cac3-d558-cd51-4f18bdac69ba.gif,20,real,,none,1.0,0.9169844461455272,1.0,0.8189848358468488,-0.08301555385447279,-0.18101516415315122,0.09799961029867843,
/Users/lachlants/Documents/GIFs/Email/https___d3k81ch9hvuctc.cloudfront.net_company_REkHnd_images_d05338ea-5e02-461a-94ef-ff76b7e0c0e9.gif,20,real,,none,1.0,0.9428114224025892,1.0,0.844933006694774,-0.057188577597410806,-0.155066993305226,0.09787841570781519,
/Users/lachlants/Documents/GIFs/Email/https___cdn2.allevents.in_transup_43_f3dbb64087404da749e447708277b4_welcome-email-gif.gif,40,real,,none,1.0,0.9653300444173388,1.0,0.8682754064250668,-0.03466995558266117,-0.13172459357493316,0.09705463799227199,
/tmp/giflab_divergence_synth/gradient_xlarge.gif,20,synthetic,gradient,none,1.0,0.9978777591157892,1.0,0.9012631225177148,-0.0021222408842107576,-0.09873687748228521,0.09661463659807445,verdict
/Users/lachlants/Documents/GIFs/Email/https___mcusercontent.com_88adb327dcabde30998542a7d_images_8e172835-7e1d-a4d9-0445-244425430cd5.gif,20,real,,none,1.0,0.988466984089206,1.0,0.8920747247771755,-0.011533015910794031,-0.10792527522282447,0.09639225931203044,
/tmp/giflab_divergence_synth/noise_large.gif,40,synthetic,noise,none,1.0,0.9763149010226574,1.0,0.880550833073844,-0.02368509897734261,-0.11944916692615604,0.09576406794881342,
/Users/lachlants/Documents/GIFs/Website/chat.gif,20,real,,none,1.0,0.9777824594119708,1.0,0.8826844130441819,-0.02221754058802916,-0.11731558695581812,0.09509804636778896,
/Users/lachlants/Documents/GIFs/Email/unnamed copy 9.gif,60,real,,none,1.0,0.8916948286874873,1.0,0.7967879756785898,-0.10830517131251272,-0.20321202432141017,0.09490685300889745,
/Users/lachlants/Documents/GIFs/Email/https___i4.cmail20.com_ei_i_75_24D_4B5_csimport_300-x-2501.154633.gif,20,real,,none,1.0,0.990339811507297,1.0,0.8958828864781774,-0.009660188492703004,-0.10411711352182262,0.09445692502911962,
/tmp/giflab_divergence_synth/photographic_noise.gif,40,synthetic,noise,none,1.0,0.97037358070094,1.0,0.8760269309553037,-0.02962641929905996,-0.1239730690446963,0.09434664974563634,
/Users/lachlants/Documents/GIFs/Email/https___d3b9kr64nievew.cloudfront.net_cluahoxpv0081ucgwcn7s6713_cluahw3y300w3s0m46x9tojhl.gif,40,real,,none,1.0,0.984164627570945,1.0,0.8899438913580034,-0.015835372429054972,-0.11005610864199655,0.09422073621294158,
/Users/lachlants/Documents/GIFs/Email/https___i1.cmail20.com_ei_i_B2_30B_6B5_csimport_CWF-Billbaord-970x25090.165838.gif,60,real,,none,1.0,0.9709131642590164,1.0,0.8767869981504091,-0.029086835740983585,-0.12321300184959094,0.09412616610860736,
/Users/lachlants/Documents/GIFs/Email/https___d3k81ch9hvuctc.cloudfront.net_company_VnK4p8_images_034b3b62-efa8-4bd6-bda5-8eba1501eaa7.gif,40,real,,none,1.0,0.8285924646376792,1.0,0.734506935856307,-0.17140753536232078,-0.265493064143693,0.09408552878137222,
/Users/lachlants/Documents/GIFs/Email/https___d3k81ch9hvuctc.cloudfront.net_company_VnK4p8_images_cf0d1465-c855-4c00-b58a-ea24e2321532.gif,40,real,,none,1.0,0.8812946461113369,1.0,0.7878699151072551,-0.1187053538886631,-0.21213008489274487,0.09342473100408177,
/Users/lachlants/Documents/GIFs/Email/https___d3k81ch9hvuctc.cloudfront.net_company_Tweivk_images_9b63ce3a-2341-458f-981f-64dc6c58a42c.gif,40,real,,none,1.0,0.8376037042755236,1.0,0.7442966084123208,-0.16239629572447645,-0.2557033915876792,0.09330709586320274,
/Users/lachlants/Documents/GIFs/Email/https___d3k81ch9hvuctc.cloudfront.net_company_VnK4p8_images_cf0d1465-c855-4c00-b58a-ea24e2321532.gif,20,real,,none,1.0,0.9048837257794357,1.0,0.8119227050454316,-0.09511627422056435,-0.18807729495456837,0.09296102073400403,
/Users/lachlants/Documents/GIFs/Email/https___media.wordfly.com_malthousetheatre_emails_ah-2025-echo-australian-reviews_echo-ben-lawson-reviews.gif,20,real,,none,1.0,0.9105415224267088,1.0,0.8181047581141068,-0.08945847757329117,-0.18189524188589323,0.09243676431260206,
/tmp/giflab_divergence_synth/gradient_small.gif,40,synthetic,gradient,none,1.0,0.936246834775296,1.0,0.8451903307552758,-0.06375316522470398,-0.15480966924472417,0.09105650402002019,
/Users/lachlants/Documents/GIFs/Website/lunar-new-year-2024-hk-vn-sg-6753651837109996-law.gif,20,real,,none,1.0,0.982321916589644,1.0,0.8920368608757433,-0.017678083410356038,-0.1079631391242567,0.09028505571390066,
/Users/lachlants/Documents/GIFs/Email/Superhuman 81246536.gif,20,real,,none,1.0,0.960260751525499,1.0,0.8702236590920744,-0.039739248474501054,-0.12977634090792556,0.0900370924334245,
/Users/lachlants/Documents/GIFs/Email/https___userimg-assets.customeriomail.com_images_client-env-93295_1726252371024_New%20Notion%20AI%20Hero_01J7PAHKB26962QV5PBM1C3EWM.gif,20,real,,none,1.0,0.9798460937428763,1.0,0.890457980619395,-0.020153906257123655,-0.10954201938060504,0.08938811312348138,
/Users/lachlants/Documents/GIFs/Email/https___q-stage.vercel.app_email_images_gif-1 (1).gif,40,real,,none,1.0,0.8985375063859001,1.0,0.8092292311326561,-0.10146249361409987,-0.1907707688673439,0.08930827525324403,
/Users/lachlants/Documents/GIFs/Email/https___mcusercontent.com_53222dcf7155dec475bbb4ed2_images_98fe70f9-a5b9-a378-24d5-18c4604d351f.gif,60,real,,none,1.0,0.942372910342781,1.0,0.8531309909127294,-0.057627089657218966,-0.14686900908727063,0.08924191943005166,
/Users/lachlants/Documents/GIFs/Email/https___q-stage.vercel.app_email_images_gif-1 (1).gif,60,real,,none,1.0,0.8708455613995053,1.0,0.7820612675699696,-0.1291544386004947,-0.21793873243003037,0.08878429382953568,
/Users/lachlants/Documents/GIFs/Email/https___mcusercontent.com_52cce2d9ba60a58f04e3e10db_images_6d8b9be8-1e1b-e177-908c-14a16e11041c.gif,40,real,,none,1.0,0.865441934387407,1.0,0.7767215679279786,-0.13455806561259298,-0.22327843207202136,0.08872036645942838,
/Users/lachlants/Documents/GIFs/Website/64e84ea7006ccc7100a67c78_Property 1=SUN_SPIKEY_WEB 1.gif,40,real,,none,1.0,0.983898026571554,1.0,0.8953159699276453,-0.016101973428445993,-0.10468403007235472,0.08858205664390872,
/Users/lachlants/Documents/GIFs/Email/https___q-stage.vercel.app_email_images_gif-1 (1).gif,20,real,,none,1.0,0.9436964819446552,1.0,0.856420709857933,-0.05630351805534484,-0.14357929014206705,0.08727577208672221,
/Users/lachlants/Documents/GIFs/Email/https___media.wordfly.com_perthfestival_emails_camp25-or-gen-enews-summit_summit-gif-2.gif,60,real,,none,1.0,0.7969320949091219,1.0,0.7103667383448552,-0.20306790509087813,-0.2896332616551448,0.08656535656426667,
/Users/lachlants/Documents/GIFs/Email/https___i7.cmail19.com_ei_i_B1_12F_BDC_csimport_SHA0313-SEASON25_Digital_Mrec_SYD_300x250px.154817.gif,60,real,,none,1.0,0.927172932526942,1.0,0.8414068216954634,-0.072827067473058,-0.15859317830453656,0.08576611083147856,
/Users/lachlants/Documents/GIFs/test gifs/https___mcusercontent.com_0682bb2f1d62db2dad6a2ed4b_images_da8e365e-0401-ebab-3906-953a6fb158c3.gif,20,real,,dedup,1.0,0.9700923502007698,1.0,0.8846508025233129,-0.029907649799230218,-0.11534919747668715,0.08544154767745693,
/tmp/giflab_divergence_synth/many_colors.gif,60,synthetic,spectrum,none,1.0,0.8671271001024223,1.0,0.782134382422432,-0.13287289989757767,-0.21786561757756795,0.08499271767999028,
/tmp/giflab_divergence_synth/noise_small.gif,40,synthetic,noise,none,1.0,0.9817673763714184,1.0,0.8968561245807452,-0.01823262362858158,-0.10314387541925485,0.08491125179067327,
/Users/lachlants/Documents/GIFs/Email/https___userimg-assets.customeriomail.com_images_client-env-162930_1774449091657_iOS_swipeback_01KMJPGS3S8VDHCC0YQAKKC05V.gif,60,real,,none,1.0,0.8364861821019601,1.0,0.7516417698686151,-0.16351381789803987,-0.24835823013138492,0.08484441223334505,
/Users/lachlants/Documents/GIFs/Email/https___mcusercontent.com_89a526c8542b32391a02ddfec_images_6c92f05f-1631-4918-03ee-652b5c8f8a2b.gif,20,real,,none,1.0,0.8964778556699522,1.0,0.8123440034765412,-0.1035221443300478,-0.18765599652345877,0.08413385219341096,
/Users/lachlants/Documents/GIFs/Website/rcs-evolution.gif,60,real,,none,1.0,0.9667608862392836,1.0,0.8827048346367674,-0.03323911376071642,-0.11729516536323259,0.08405605160251617,
/Users/lachlants/Documents/GIFs/Email/innernorth.gif,60,real,,none,1.0,0.767695751737868,1.0,0.6837623735684064,-0.23230424826213203,-0.3162376264315936,0.08393337816946156,
/Users/lachlants/Documents/GIFs/Website/not-found.1cf82301.gif,40,real,,none,1.0,0.8482222243046497,1.0,0.7644787951261774,-0.15177777569535034,-0.23552120487382255,0.08374342917847222,
/Users/lachlants/Documents/GIFs/Email/https___media.wordfly.com_malthousetheatre_emails_lg-2024-comedy-fest-preshow-announce_mv01-4-venue24-micf2025-edmbanner-1920x1280-v3-1.gif,20,real,,none,1.0,0.99114030892098,1.0,0.9078200989459771,-0.00885969107901996,-0.09217990105402285,0.08332020997500289,
/Users/lachlants/Documents/GIFs/Email/https___i7.cmail19.com_ei_i_B1_12F_BDC_csimport_SHA0313-SEASON25_Digital_Mrec_SYD_300x250px.154817.gif,40,real,,none,1.0,0.9558481948775048,1.0,0.8726330100985176,-0.04415180512249517,-0.12736698990148243,0.08321518477898726,
/Users/lachlants/Documents/GIFs/Email/unnamed copy 9.gif,40,real,,none,1.0,0.9649517149866764,1.0,0.8817410526450397,-0.03504828501332358,-0.11825894735496034,0.08321066234163677,
/Users/lachlants/Documents/GIFs/Email/unnamed copy 8.gif,40,real,,none,1.0,0.8914611369830918,1.0,0.8083652744294147,-0.10853886301690818,-0.19163472557058525,0.08309586255367707,
/Users/lachlants/Documents/GIFs/Email/http___i1.cmail19.com_ei_i_5D_3B8_4C0_csimport_2404_89_KW_ESME__SatPaper_1.-970x250_529kB.151624.gif,60,real,,none,1.0,0.9738077220519163,1.0,0.8908049913662728,-0.026192277948083653,-0.10919500863372722,0.08300273068564357,
/Users/lachlants/Documents/GIFs/Email/https___d3k81ch9hvuctc.cloudfront.net_company_V8V4pz_images_c61edd74-85bd-4618-8b45-49a9be372a05.gif,60,real,,none,1.0,0.7840791188214916,1.0,0.7014465919077917,-0.21592088117850838,-0.2985534080922083,0.08263252691369993,
/Users/lachlants/Documents/GIFs/Email/https___mcusercontent.com_53222dcf7155dec475bbb4ed2_images_98fe70f9-a5b9-a378-24d5-18c4604d351f.gif,40,real,,none,1.0,0.9662320071005048,1.0,0.8840099292640872,-0.03376799289949517,-0.11599007073591283,0.08222207783641766,
/Users/lachlants/Documents/GIFs/Email/http___i1.cmail20.com_ei_i_33_AC7_E6D_csimport_MOL_Billboard_GIF.165317.gif,60,real,,none,1.0,0.9316743750464034,1.0,0.8497888921698402,-0.06832562495359662,-0.15021110783015978,0.08188548287656316,
/Users/lachlants/Documents/GIFs/Email/http___i3.cmail19.com_ei_i_BB_5DC_A14_csimport_TMASsSSM-TSP_MREC-011.160836.gif,60,real,,none,1.0,0.9922983692221016,1.0,0.9125821377506655,-0.007701630777898427,-0.08741786224933445,0.07971623147143603,
/Users/lachlants/Documents/GIFs/Email/https___mcusercontent.com_9284751802d775d29b8491886_images_8ab89c3f-d68f-79b9-50ec-ceb97c79950f.gif,40,real,,none,1.0,0.8042626416724706,1.0,0.72493916670683,-0.19573735832752936,-0.27506083329317,0.07932347496564063,
/tmp/giflab_divergence_synth/many_colors.gif,40,synthetic,spectrum,none,1.0,0.9304592010147924,1.0,0.8513604306655835,-0.0695407989852076,-0.14863956933441647,0.07909877034920887,
/Users/lachlants/Documents/GIFs/Email/https___s.zkcdn.net_Advertisers_59a54d018e674afe9d067e8ea2d73cb3 (1).gif,60,real,,none,1.0,0.984907927963276,1.0,0.9061131334964688,-0.015092072036724025,-0.09388686650353117,0.07879479446680715,
/Users/lachlants/Documents/GIFs/Email/https___s.zkcdn.net_Advertisers_59a54d018e674afe9d067e8ea2d73cb3.gif,60,real,,none,1.0,0.984907927963276,1.0,0.9061131334964688,-0.015092072036724025,-0.09388686650353117,0.07879479446680715,
/Users/lachlants/Documents/GIFs/Email/https___mcusercontent.com_5a6eda7241a0bb8bb0a2ab3bc_images_bcf6754a-d612-66f9-54bc-9135af99be66.gif,60,real,,none,1.0,0.7475792148925771,1.0,0.6694052847835744,-0.25242078510742294,-0.3305947152164256,0.07817393010900264,
/Users/lachlants/Documents/GIFs/Website/64e57f8915d0d761adf6173c_gif_ALIEN_BOOGIE_WEB 1-02.gif,40,real,,none,1.0,0.9940978559417014,1.0,0.9165928202433408,-0.005902144058298586,-0.08340717975665923,0.07750503569836065,
/Users/lachlants/Documents/GIFs/Email/https___media.wordfly.com_malthousetheatre_emails_ah-2025-echo-australian-reviews_echo-ben-lawson-reviews.gif,40,real,,none,1.0,0.8280374297711234,1.0,0.7505807006075788,-0.17196257022887662,-0.24941929939242125,0.07745672916354462,
/Users/lachlants/Documents/GIFs/Email/http___i4.cmail19.com_ei_i_3A_905_41B_csimport_QE93_ThePost_MREC1.164227.gif,60,real,,none,1.0,0.9810811401640924,1.0,0.9041336637234691,-0.018918859835907575,-0.09586633627653085,0.07694747644062327,
/Users/lachlants/Documents/GIFs/Email/https___i1.cmail20.com_ei_i_B2_30B_6B5_csimport_CWF-Billbaord-970x25090.165838.gif,40,real,,none,1.0,0.9883872641184696,1.0,0.9116353919705013,-0.011612735881530445,-0.08836460802949875,0.0767518721479683,
/Users/lachlants/Documents/GIFs/Email/https___mcusercontent.com_5a6eda7241a0bb8bb0a2ab3bc_images_d58c4aa6-242e-6eae-9541-46e2b65c302c.gif,40,real,,none,1.0,0.791073987368118,1.0,0.714340658814474,-0.20892601263188204,-0.28565934118552605,0.07673332855364401,
/Users/lachlants/Documents/GIFs/Email/unnamed copy 8.gif,20,real,,none,1.0,0.9690530885492384,1.0,0.8930499215137502,-0.03094691145076156,-0.10695007848624982,0.07600316703548826,
/Users/lachlants/Documents/GIFs/Email/https___mcusercontent.com_ecbf79257dbc62cf7c2c5a87e_images_080698a6-a86b-e589-8c4e-8342710f4597.gif,60,real,,none,1.0,0.9625891863856736,1.0,0.887539857244083,-0.03741081361432641,-0.11246014275591698,0.07504932914159057,
/Users/lachlants/Documents/GIFs/Email/frankgreen.gif,40,real,,none,1.0,0.8260738790142991,1.0,0.7521307881205251,-0.17392612098570093,-0.24786921187947486,0.07394309089377393,
/Users/lachlants/Documents/GIFs/Email/https___media.wordfly.com_malthousetheatre_emails_ew-2024-season-2025-launch-awareness-2_edmteaser.gif,60,real,,none,1.0,0.9954058274832702,1.0,0.9219024135984144,-0.0045941725167297776,-0.0780975864015856,0.07350341388485582,verdict
/Users/lachlants/Documents/GIFs/Email/https___mcusercontent.com_21cfc09295377f72f03e377c6_images_4baf6d5d-cac3-d558-cd51-4f18bdac69ba.gif,40,real,,none,1.0,0.8368370500195214,1.0,0.7634308057262917,-0.16316294998047864,-0.23656919427370826,0.07340624429322962,
/tmp/giflab_divergence_synth/texture_complex.gif,20,synthetic,texture,none,1.0,0.960862449244758,1.0,0.8882356527649361,-0.039137550755241945,-0.1117643472350639,0.07262679647982195,
/Users/lachlants/Documents/GIFs/Email/https___i5.cmail20.com_ei_i_9B_2EB_550_csimport_TM43_May-Aquisition-SwG-MREC1.155516.gif,20,real,,none,1.0,0.975247077094893,1.0,0.902802807714367,-0.024752922905107,-0.09719719228563295,0.07244426938052595,
/Users/lachlants/Documents/GIFs/Email/https___d3k81ch9hvuctc.cloudfront.net_company_VnK4p8_images_034b3b62-efa8-4bd6-bda5-8eba1501eaa7.gif,60,real,,none,1.0,0.7601590439160929,1.0,0.6880800715356685,-0.2398409560839071,-0.3119199284643315,0.07207897238042438,
/Users/lachlants/Documents/GIFs/Email/https___media.wordfly.com_malthousetheatre_emails_ah-2025-echo-australian-reviews_echo-ben-lawson-reviews.gif,60,real,,none,1.0,0.7843892708270181,1.0,0.7126314258990001,-0.21561072917298185,-0.2873685741009999,0.07175784492801807,
/Users/lachlants/Documents/GIFs/Email/https___i5.cmail19.com_ei_i_03_F1A_543_csimport_22466-TMA-SCOOTERING-TSP_MREC__DD1.164138.gif,60,real,,none,1.0,0.9866974809044377,1.0,0.9153445927725228,-0.013302519095562348,-0.08465540722747722,0.07135288813191487,
/Users/lachlants/Documents/GIFs/Email/http___i1.cmail20.com_ei_i_33_AC7_E6D_csimport_MOL_Billboard_GIF.165317.gif,40,real,,none,1.0,0.9580770775406616,1.0,0.886797498123902,-0.041922922459338374,-0.11320250187609804,0.07127957941675966,
/Users/lachlants/Documents/GIFs/Email/http___i1.cmail19.com_ei_i_5D_3B8_4C0_csimport_2404_89_KW_ESME__SatPaper_1.-970x250_529kB.151624.gif,40,real,,none,1.0,0.9880730246754889,1.0,0.9177582691441484,-0.011926975324511147,-0.08224173085585162,0.07031475553134048,
/Users/lachlants/Documents/GIFs/Email/https___i1.cmail20.com_ei_i_BB_C90_815_csimport_SCRIBE-POST-20240725-Banner-970x250-01.163107.gif,40,real,,none,1.0,0.9547427035790348,1.0,0.8853975291653005,-0.04525729642096521,-0.11460247083469954,0.06934517441373433,
/Users/lachlants/Documents/GIFs/Email/https___mcusercontent.com_5a6eda7241a0bb8bb0a2ab3bc_images_3d9c96c1-0b7e-594d-a422-5e9db92a8195.gif,60,real,,none,1.0,0.9688217262208688,1.0,0.8995616418603337,-0.031178273779131183,-0.10043835813966628,0.0692600843605351,
/Users/lachlants/Documents/GIFs/Email/https___media.wordfly.com_wheelercentre_emails_26-nov-24-wheeler-weekly-fortnightly_edm-3.gif,60,real,,none,1.0,0.9926644464511272,1.0,0.9241838165889712,-0.007335553548872831,-0.0758161834110288,0.06848062986215597,
/Users/lachlants/Documents/GIFs/Email/https___cdn2.allevents.in_transup_43_f3dbb64087404da749e447708277b4_welcome-email-gif.gif,20,real,,none,1.0,0.9906522378298932,1.0,0.9223578816799136,-0.0093477621701068,-0.07764211832008638,0.06829435614997958,
/Users/lachlants/Documents/GIFs/Email/https___cdn2.allevents.in_transup_e9_09956161374f58903a1961feeeb7e7_move-to-primary.gif,60,real,,none,1.0,0.985451317112686,1.0,0.917712014751503,-0.014548682887314035,-0.08228798524849701,0.06773930236118297,
/Users/lachlants/Documents/GIFs/Email/unnamed copy 8.gif,60,real,,none,1.0,0.8189162682094692,1.0,0.7515287145971451,-0.18108373179053083,-0.2484712854028549,0.06738755361232407,
/Users/lachlants/Documents/GIFs/Email/https___s.zkcdn.net_Advertisers_59a54d018e674afe9d067e8ea2d73cb3 (1).gif,40,real,,none,1.0,0.9891319473943336,1.0,0.9219783230587982,-0.010868052605666367,-0.07802167694120177,0.0671536243355354,
/Users/lachlants/Documents/GIFs/Email/https___s.zkcdn.net_Advertisers_59a54d018e674afe9d067e8ea2d73cb3.gif,40,real,,none,1.0,0.9891319473943336,1.0,0.9219783230587982,-0.010868052605666367,-0.07802167694120177,0.0671536243355354,
/Users/lachlants/Documents/GIFs/Email/http___i6.cmail19.com_ei_i_BB_5DC_A14_csimport_TSP47-Tenth-birthday_300-x-2501.161650.gif,60,real,,none,1.0,0.9928346833007546,1.0,0.9264640233423468,-0.007165316699245361,-0.07353597665765321,0.06637065995840785,
/Users/lachlants/Documents/GIFs/Email/http___i4.cmail19.com_ei_i_3A_905_41B_csimport_QE93_ThePost_MREC1.164227.gif,40,real,,none,1.0,0.9929847641454604,1.0,0.9266367740840455,-0.007015235854539559,-0.07336322591595446,0.0663479900614149,
/Users/lachlants/Documents/GIFs/Email/http___i4.cmail20.com_ei_i_33_AC7_E6D_csimport_MOL_MREC_300x2501.165351.gif,60,real,,none,1.0,0.903387760279064,1.0,0.8370644880029687,-0.09661223972093602,-0.16293551199703127,0.06632327227609525,
/Users/lachlants/Documents/GIFs/Email/https___i5.cmail20.com_ei_i_9B_2EB_550_csimport_TM43_May-Aquisition-SwG-MREC1.155516.gif,40,real,,none,1.0,0.8806342719162583,1.0,0.8153506036629917,-0.11936572808374168,-0.18464939633700828,0.06528366825326659,
/Users/lachlants/Documents/GIFs/Email/https___mcusercontent.com_1baa1f1b305949ec908c25dd4_images_e7242d77-9e24-bea2-d2cb-b2fe7f8f37fe.gif,60,real,,none,1.0,0.6974303611026464,1.0,0.6322653431823756,-0.30256963889735355,-0.3677346568176244,0.06516501792027085,
/Users/lachlants/Documents/GIFs/Website/rcs-evolution.gif,40,real,,none,1.0,0.9856207211297126,1.0,0.9204578808878626,-0.014379278870287449,-0.07954211911213738,0.06516284024184993,
/Users/lachlants/Documents/GIFs/Email/https-::media.superhuman.com:images:_:https%3A%2F%2Fcontent.app-us1.com%2Fcdn-cgi%2Fimage%2Fwidth%3D650%2Cdpr%3D2%2Cfit%3Dscale-down%2Cformat%3Dauto%2Conerror%3Dredirect%2F3rZo7%2F2024%2F03%2F07%2F4e2a14ef-0ff0-41d8-aacc-b7ba26588cc8.gif,20,real,,none,1.0,0.9805450741190104,1.0,0.916243493954159,-0.019454925880989626,-0.08375650604584095,0.06430158016485132,
/Users/lachlants/Documents/GIFs/Email/http___i3.cmail19.com_ei_i_BB_5DC_A14_csimport_TMASsSSM-TSP_MREC-011.160836.gif,40,real,,none,1.0,0.9955466170083472,1.0,0.9314252855338356,-0.004453382991652766,-0.06857471446616437,0.0641213314745116,verdict
/Users/lachlants/Documents/GIFs/Email/http___i4.cmail20.com_ei_i_33_AC7_E6D_csimport_MOL_MREC_300x2501.165351.gif,40,real,,none,1.0,0.9394914744869364,1.0,0.8758833874901931,-0.06050852551306363,-0.12411661250980688,0.06360808699674325,
/Users/lachlants/Documents/GIFs/Email/https___mcusercontent.com_89a526c8542b32391a02ddfec_images_6c92f05f-1631-4918-03ee-652b5c8f8a2b.gif,40,real,,none,1.0,0.8039510242433182,1.0,0.7405313416771944,-0.1960489757566818,-0.25946865832280563,0.06341968256612385,
/Users/lachlants/Documents/GIFs/Email/https___d3b9kr64nievew.cloudfront.net_cluahoxpv0081ucgwcn7s6713_cluahw3y300w3s0m46x9tojhl.gif,20,real,,none,1.0,0.9937649360803634,1.0,0.930628373150049,-0.006235063919636574,-0.06937162684995102,0.06313656293031444,
/Users/lachlants/Documents/GIFs/Email/https___i1.cmail19.com_ei_i_49_578_A4D_csimport_ClimateActivism_Male_AllLogo_970x250.143952.gif,60,real,,none,1.0,0.9691764208698403,1.0,0.906751443072701,-0.03082357913015965,-0.09324855692729905,0.0624249777971394,
/Users/lachlants/Documents/GIFs/Email/https___d3k81ch9hvuctc.cloudfront.net_company_SPwRP6_images_d9decec7-942b-4ca5-9c9e-46473a9cd0f3.gif,60,real,,none,1.0,0.9942513167019712,1.0,0.9318809456961112,-0.0057486832980288005,-0.06811905430388876,0.06237037100585996,
/Users/lachlants/Documents/GIFs/Email/https___image.e.lululemon.com_lib_fe35117171640578761370_m_1_wk37+Send+1+Tues_Email_01_HeroImage.gif,40,real,,none,1.0,0.7807037232658537,1.0,0.7183806706339648,-0.2192962767341463,-0.2816193293660352,0.062323052631888864,
/tmp/giflab_divergence_synth/complex_gradient.gif,20,synthetic,complex_gradient,none,1.0,0.9830401569402678,1.0,0.9216279848048206,-0.016959843059732194,-0.07837201519517945,0.06141217213544725,
/Users/lachlants/Documents/GIFs/Email/https___email.wetransfer.net_WeNewsletter_General_theuploadgif.gif,60,real,,none,1.0,0.9688247986764396,1.0,0.9074220806569356,-0.031175201323560442,-0.09257791934306436,0.06140271801950392,
"/Users/lachlants/Documents/GIFs/Email/https___content.app-us1.com_cdn-cgi_image_format=auto,onerror=redirect,width=650,dpr=2,fit=scale-down_3rZo7_2024_06_11_7aa17b6e-87da-4d40-8a29-94d4985416b4.gif",40,real,,none,1.0,0.979590247762703,1.0,0.9187090199430176,-0.02040975223729702,-0.08129098005698243,0.06088122781968541,
/Users/lachlants/Documents/GIFs/Email/https___mcusercontent.com_21cfc09295377f72f03e377c6_images_4baf6d5d-cac3-d558-cd51-4f18bdac69ba.gif,60,real,,none,1.0,0.79051616687901,1.0,0.7298413496295069,-0.20948383312098995,-0.27015865037049314,0.06067481724950319,
/Users/lachlants/Documents/GIFs/Email/https___mcusercontent.com_5a6eda7241a0bb8bb0a2ab3bc_images_3d9c96c1-0b7e-594d-a422-5e9db92a8195.gif,40,real,,none,1.0,0.9808133555156195,1.0,0.9224301610544297,-0.019186644484380455,-0.07756983894557035,0.05838319446118989,
/Users/lachlants/Documents/GIFs/Email/https___mcusercontent.com_ecbf79257dbc62cf7c2c5a87e_images_080698a6-a86b-e589-8c4e-8342710f4597.gif,40,real,,none,1.0,0.9870470725275028,1.0,0.9293294206015504,-0.012952927472497211,-0.07067057939844956,0.05771765192595235,
/Users/lachlants/Documents/GIFs/Email/https___i5.cmail19.com_ei_i_03_F1A_543_csimport_22466-TMA-SCOOTERING-TSP_MREC__DD1.164138.gif,40,real,,none,1.0,0.990113253304082,1.0,0.9335796831445904,-0.009886746695918047,-0.06642031685540961,0.056533570159491564,
/Users/lachlants/Documents/GIFs/Email/http___i6.cmail19.com_ei_i_BB_5DC_A14_csimport_TSP47-Tenth-birthday_300-x-2501.161650.gif,40,real,,none,1.0,0.9956414994922388,1.0,0.9399572910437336,-0.004358500507761209,-0.0600427089562664,0.05568420844850519,verdict
/tmp/giflab_divergence_synth/photographic_noise.gif,20,synthetic,noise,none,1.0,0.9944510909207428,1.0,0.9395259293097168,-0.005548909079257203,-0.06047407069028321,0.05492516161102601,
/Users/lachlants/Documents/GIFs/Email/https___i1.cmail19.com_ei_i_49_578_A4D_csimport_ClimateActivism_Male_AllLogo_970x250.143952.gif,40,real,,none,1.0,0.980445306692315,1.0,0.9260167645997804,-0.019554693307685,-0.07398323540021956,0.05442854209253456,
/Users/lachlants/Documents/GIFs/Email/https___media.wordfly.com_malthousetheatre_emails_ew-2024-season-2025-launch-awareness-2_edmteaser.gif,40,real,,none,1.0,0.9976735957356232,1.0,0.9437286774106084,-0.0023264042643768024,-0.056271322589391604,0.0539449183250148,verdict
/Users/lachlants/Documents/GIFs/Email/https___d3k81ch9hvuctc.cloudfront.net_company_U85BQH_images_62374738-3a10-492c-84ab-094056628261.gif,40,real,,none,1.0,0.7668728175617323,1.0,0.7130027823275125,-0.2331271824382677,-0.28699721767248754,0.05387003523421985,
/Users/lachlants/Documents/GIFs/Email/unnamed copy 2.gif,60,real,,none,1.0,0.9954016950233224,1.0,0.9424375730768164,-0.00459830497667757,-0.057562426923183585,0.052964121946506015,verdict
/Users/lachlants/Documents/GIFs/Email/https___media.wordfly.com_wheelercentre_emails_26-nov-24-wheeler-weekly-fortnightly_edm-3.gif,40,real,,none,1.0,0.9962604549714116,1.0,0.9439066133331764,-0.00373954502858842,-0.05609338666682362,0.0523538416382352,verdict
/Users/lachlants/Documents/GIFs/Email/https___d3k81ch9hvuctc.cloudfront.net_company_U85BQH_images_959c9e57-53ee-43b2-8e05-c2a1d43492ce.gif,40,real,,none,1.0,0.7616122971056836,1.0,0.7102946148427004,-0.23838770289431643,-0.2897053851572996,0.051317682262983166,
/Users/lachlants/Documents/GIFs/Email/https___i1.cmail20.com_ei_i_BB_C90_815_csimport_SCRIBE-POST-20240725-Banner-970x250-01.163107.gif,60,real,,none,1.0,0.8794159301188562,1.0,0.8285349976255529,-0.12058406988114378,-0.17146500237444706,0.05088093249330328,
/Users/lachlants/Documents/GIFs/Email/https___i7.cmail19.com_ei_i_B1_12F_BDC_csimport_SHA0313-SEASON25_Digital_Mrec_SYD_300x250px.154817.gif,20,real,,none,1.0,0.9847023401616553,1.0,0.9342465388810972,-0.015297659838344746,-0.06575346111890279,0.050455801280558044,
/Users/lachlants/Documents/GIFs/Email/https___mcusercontent.com_88adb327dcabde30998542a7d_images_89b9ca62-dc40-9d47-b526-e47c657ed45c.gif,60,real,,none,1.0,0.992351447264208,1.0,0.9427450414065962,-0.0076485527357920136,-0.05725495859340379,0.04960640585761178,
/Users/lachlants/Documents/GIFs/Email/https___media.giphy.com_media_v1.Y2lkPTc5MGI3NjExbmx4ZHRiamVxZDJpOWJnZjN5YTl0c3N5ZnY3ZWwydDVpemhuY2dscyZlcD12MV9pbnRlcm5hbF9naWZfYnlfaWQmY3Q9Zw_xsE65jaPsUKUo_giphy.gif,60,real,,none,1.0,0.993833772600519,1.0,0.9447041211434838,-0.006166227399481028,-0.05529587885651621,0.049129651457035184,
/tmp/giflab_divergence_synth/noise_large.gif,20,synthetic,noise,none,1.0,0.9951163769362696,1.0,0.946080379355554,-0.004883623063730358,-0.053919620644446,0.04903599758071564,verdict
/Users/lachlants/Documents/GIFs/Email/https___mcusercontent.com_55c8f62a16b590163aa0065d4_images_b6a79296-ca34-ff18-94d6-43f90378fa41.gif,40,real,,none,1.0,0.7834928210200601,1.0,0.7344953685890112,-0.21650717897993987,-0.2655046314109888,0.048997452431048916,
/Users/lachlants/Documents/GIFs/Email/https___mcusercontent.com_89a526c8542b32391a02ddfec_images_6c92f05f-1631-4918-03ee-652b5c8f8a2b.gif,60,real,,none,1.0,0.7449289474595565,1.0,0.696614353766337,-0.2550710525404435,-0.30338564623366304,0.048314593693219554,
/Users/lachlants/Documents/GIFs/Website/not-found.1cf82301.gif,60,real,,none,1.0,0.7517670647330028,1.0,0.7036781585227032,-0.2482329352669972,-0.2963218414772968,0.0480889062102996,
/Users/lachlants/Documents/GIFs/Email/frankgreen.gif,60,real,,none,1.0,0.7585364847496903,1.0,0.7134930632650942,-0.24146351525030973,-0.2865069367349058,0.04504342148459606,
/Users/lachlants/Documents/GIFs/Email/https___media.wordfly.com_melbournetheatre_emails_mkt-gift-vouchers-dec-2024_gv-850-x-500.gif,60,real,,none,1.0,0.9951677819162528,1.0,0.950280842094582,-0.004832218083747231,-0.04971915790541803,0.0448869398216708,verdict
/Users/lachlants/Documents/GIFs/Email/https___mcusercontent.com_5a6eda7241a0bb8bb0a2ab3bc_images_d58c4aa6-242e-6eae-9541-46e2b65c302c.gif,60,real,,none,1.0,0.7033415673588225,1.0,0.6585427689744945,-0.2966584326411775,-0.3414572310255055,0.04479879838432799,
/Users/lachlants/Documents/GIFs/Email/unnamed copy 2.gif,40,real,,none,1.0,0.9962198825748906,1.0,0.9514559077726013,-0.0037801174251094194,-0.04854409222739875,0.04476397480228933,verdict
/Users/lachlants/Documents/GIFs/Email/https___i1.cmail20.com_ei_i_B2_30B_6B5_csimport_CWF-Billbaord-970x25090.165838.gif,20,real,,none,1.0,0.9958695265802792,1.0,0.9518746795776194,-0.004130473419720837,-0.0481253204223806,0.043994847002659765,verdict
/Users/lachlants/Documents/GIFs/Email/https___mcusercontent.com_53222dcf7155dec475bbb4ed2_images_98fe70f9-a5b9-a378-24d5-18c4604d351f.gif,20,real,,none,1.0,0.9937813208470638,1.0,0.9505892644995714,-0.0062186791529361685,-0.049410735500428626,0.04319205634749246,
/Users/lachlants/Documents/GIFs/Email/https___d3k81ch9hvuctc.cloudfront.net_company_PRQPAU_images_e3182442-56c5-4bea-8470-13c36fcfe37d.gif,40,real,,none,1.0,0.7648219313766225,1.0,0.7223270533837821,-0.23517806862337753,-0.2776729466162179,0.04249487799284035,
/Users/lachlants/Documents/GIFs/Email/https___email.wetransfer.net_WeNewsletter_General_theuploadgif.gif,40,real,,none,1.0,0.9884343905517374,1.0,0.9477546286149768,-0.01156560944826257,-0.052245371385023165,0.040679761936760594,
/Users/lachlants/Documents/GIFs/Email/https___mcusercontent.com_9284751802d775d29b8491886_images_8ab89c3f-d68f-79b9-50ec-ceb97c79950f.gif,60,real,,none,1.0,0.7078757252214322,1.0,0.6682179841164113,-0.29212427477856784,-0.3317820158835887,0.03965774110502085,
/tmp/giflab_divergence_synth/gradient_large.gif,20,synthetic,gradient,none,1.0,0.9974430025761272,1.0,0.9579442190375272,-0.002556997423872831,-0.042055780962472755,0.039498783538599924,verdict
/Users/lachlants/Documents/GIFs/Email/http___i3.cmail19.com_ei_i_BB_5DC_A14_csimport_TMASsSSM-TSP_MREC-011.160836.gif,20,real,,none,1.0,0.9975338900028552,1.0,0.9583701531745384,-0.0024661099971448053,-0.04162984682546156,0.03916373682831675,verdict
/Users/lachlants/Documents/GIFs/Email/https___s.zkcdn.net_Advertisers_59a54d018e674afe9d067e8ea2d73cb3 (1).gif,20,real,,none,1.0,0.9947744154254914,1.0,0.955904464647116,-0.005225584574508613,-0.04409553535288402,0.038869950778375406,
/Users/lachlants/Documents/GIFs/Email/https___s.zkcdn.net_Advertisers_59a54d018e674afe9d067e8ea2d73cb3.gif,20,real,,none,1.0,0.9947744154254914,1.0,0.955904464647116,-0.005225584574508613,-0.04409553535288402,0.038869950778375406,
/Users/lachlants/Documents/GIFs/Email/https___d3k81ch9hvuctc.cloudfront.net_company_SPwRP6_images_d9decec7-942b-4ca5-9c9e-46473a9cd0f3.gif,40,real,,none,1.0,0.997101279312906,1.0,0.958297471863446,-0.0028987206870939586,-0.04170252813655395,0.03880380744945999,verdict
/Users/lachlants/Documents/GIFs/Email/https___mcusercontent.com_88adb327dcabde30998542a7d_images_89b9ca62-dc40-9d47-b526-e47c657ed45c.gif,40,real,,none,1.0,0.9947529583870534,1.0,0.9567399781434702,-0.005247041612946646,-0.04326002185652977,0.03801298024358313,
/Users/lachlants/Documents/GIFs/Email/unnamed copy 2.gif,20,real,,none,1.0,0.9965524579203912,1.0,0.9591905454577327,-0.003447542079608845,-0.040809454542267254,0.03736191246265841,verdict
/Users/lachlants/Documents/GIFs/Email/https___d3k81ch9hvuctc.cloudfront.net_company_XuesTp_images_81e639fe-ffdc-4687-83b3-f42d101636f1.gif,60,real,,none,1.0,0.998831764987779,1.0,0.9619427251725138,-0.001168235012220964,-0.03805727482748622,0.03688903981526526,verdict
/tmp/giflab_divergence_synth/many_colors.gif,20,synthetic,spectrum,none,1.0,0.9922446562341924,1.0,0.9560593872501408,-0.007755343765807554,-0.043940612749859165,0.03618526898405161,
/Users/lachlants/Documents/GIFs/Email/https___i5.cmail19.com_ei_i_03_F1A_543_csimport_22466-TMA-SCOOTERING-TSP_MREC__DD1.164138.gif,20,real,,none,1.0,0.9949417039538668,1.0,0.9602949531507056,-0.0050582960461331705,-0.039705046849294434,0.034646750803161264,
/Users/lachlants/Documents/GIFs/Email/https___cdn2.allevents.in_transup_e9_09956161374f58903a1961feeeb7e7_move-to-primary.gif,40,real,,none,1.0,0.99285032370309,1.0,0.9582264360551226,-0.00714967629690999,-0.04177356394487741,0.03462388764796742,
/Users/lachlants/Documents/GIFs/Email/https___mcusercontent.com_5a6eda7241a0bb8bb0a2ab3bc_images_3d9c96c1-0b7e-594d-a422-5e9db92a8195.gif,20,real,,none,1.0,0.9918520962213494,1.0,0.9573347353282956,-0.0081479037786506,-0.042665264671704395,0.034517360893053795,
/Users/lachlants/Documents/GIFs/Email/https___i1.cmail19.com_ei_i_49_578_A4D_csimport_ClimateActivism_Male_AllLogo_970x250.143952.gif,20,real,,none,1.0,0.990826582992346,1.0,0.9569816215978382,-0.00917341700765395,-0.04301837840216183,0.03384496139450788,
/Users/lachlants/Documents/GIFs/Email/https___mcusercontent.com_52cce2d9ba60a58f04e3e10db_images_6d8b9be8-1e1b-e177-908c-14a16e11041c.gif,60,real,,none,1.0,0.7049824145264273,1.0,0.6714844135452609,-0.2950175854735727,-0.3285155864547391,0.0334980009811664,
/Users/lachlants/Documents/GIFs/Email/http___i4.cmail19.com_ei_i_3A_905_41B_csimport_QE93_ThePost_MREC1.164227.gif,20,real,,none,1.0,0.9988139303668389,1.0,0.966886738139303,-0.0011860696331611464,-0.03311326186069696,0.03192719222753582,verdict
/Users/lachlants/Documents/GIFs/Email/https___i5.cmail20.com_ei_i_9B_2EB_550_csimport_TM43_May-Aquisition-SwG-MREC1.155516.gif,60,real,,none,1.0,0.7946423695138168,1.0,0.7628381679420855,-0.20535763048618316,-0.23716183205791452,0.03180420157173136,
/Users/lachlants/Documents/GIFs/Email/https___hs-8497520.f.hubspotemail.net_hub_8497520_hubfs_Untitled-1-2.gif_upscale=true&width=1600&upscale=true&name=Untitled-1-2.gif,60,real,,none,1.0,0.9984062933414384,1.0,0.9680532050478138,-0.0015937066585616222,-0.03194679495218622,0.030353088293624597,verdict
/Users/lachlants/Documents/GIFs/Website/64e84ea7006ccc7100a67c78_Property 1=SUN_SPIKEY_WEB 1.gif,20,real,,none,1.0,0.99780808531578,1.0,0.9678326048029252,-0.0021919146842199755,-0.03216739519707479,0.029975480512854813,verdict
/Users/lachlants/Documents/GIFs/Website/64e57f8915d0d761adf6173c_gif_ALIEN_BOOGIE_WEB 1-02.gif,20,real,,none,1.0,0.9991695695218016,1.0,0.9695018672357344,-0.0008304304781984184,-0.030498132764265606,0.029667702286067188,verdict
/tmp/giflab_divergence_synth/gradient_small.gif,20,synthetic,gradient,none,1.0,0.9898324998739784,1.0,0.9603002637533868,-0.010167500126021634,-0.03969973624661316,0.029532236120591526,
/Users/lachlants/Documents/GIFs/Email/https___media.wordfly.com_melbournetheatre_emails_mkt-gift-vouchers-dec-2024_gv-850-x-500.gif,40,real,,none,1.0,0.9960607701603102,1.0,0.9672523124691168,-0.003939229839689751,-0.032747687530883196,0.028808457691193445,verdict
/Users/lachlants/Documents/GIFs/Email/https___media.giphy.com_media_v1.Y2lkPTc5MGI3NjExbmx4ZHRiamVxZDJpOWJnZjN5YTl0c3N5ZnY3ZWwydDVpemhuY2dscyZlcD12MV9pbnRlcm5hbF9naWZfYnlfaWQmY3Q9Zw_xsE65jaPsUKUo_giphy.gif,40,real,,none,1.0,0.9961024200869296,1.0,0.96786529775759,-0.0038975799130703814,-0.032134702242409996,0.028237122329339615,verdict
/Users/lachlants/Documents/GIFs/Website/rcs-evolution.gif,20,real,,none,1.0,0.9950833667972382,1.0,0.9668921651502512,-0.004916633202761811,-0.033107834849748774,0.028191201646986963,verdict
/tmp/giflab_divergence_synth/noise_small.gif,20,synthetic,noise,none,1.0,0.9983325000959752,1.0,0.9701651813700416,-0.0016674999040248162,-0.029834818629958404,0.028167318725933588,verdict
/Users/lachlants/Documents/GIFs/Email/https___d3k81ch9hvuctc.cloudfront.net_company_U85BQH_images_959c9e57-53ee-43b2-8e05-c2a1d43492ce.gif,60,real,,none,1.0,0.6827951046803085,1.0,0.6569371396537732,-0.31720489531969154,-0.3430628603462268,0.025857965026535257,
/Users/lachlants/Documents/GIFs/Email/http___i1.cmail20.com_ei_i_33_AC7_E6D_csimport_MOL_Billboard_GIF.165317.gif,20,real,,none,1.0,0.9927009290182244,1.0,0.9673221570190303,-0.007299070981775624,-0.03267784298096965,0.025378771999194027,
/tmp/giflab_divergence_synth/smooth_gradient.gif,20,synthetic,gradient,none,1.0,0.9941087223075646,1.0,0.9700155620838552,-0.005891277692435359,-0.0299844379161448,0.024093160223709442,
/Users/lachlants/Documents/GIFs/Email/https___image.e.lululemon.com_lib_fe35117171640578761370_m_1_wk37+Send+1+Tues_Email_01_HeroImage.gif,60,real,,none,1.0,0.6730688221356297,1.0,0.6495848204934335,-0.3269311778643703,-0.35041517950656653,0.023484001642196217,
/tmp/giflab_divergence_synth/minimal_frames.gif,20,synthetic,gradient,none,1.0,0.9948807881573212,1.0,0.9734156204649485,-0.005119211842678828,-0.02658437953505155,0.021465167692372722,
/Users/lachlants/Documents/GIFs/Email/http___i1.cmail19.com_ei_i_5D_3B8_4C0_csimport_2404_89_KW_ESME__SatPaper_1.-970x250_529kB.151624.gif,20,real,,none,1.0,0.9980045422512612,1.0,0.9767976102431302,-0.0019954577487387715,-0.023202389756869835,0.021206932008131063,verdict
/tmp/giflab_divergence_synth/gradient_medium.gif,20,synthetic,gradient,none,1.0,0.9952105723459884,1.0,0.9742746166780558,-0.00478942765401158,-0.025725383321944184,0.020935955667932604,verdict
/Users/lachlants/Documents/GIFs/Email/https___emaillove-assets.b-cdn.net_users_1549882357414475228_assets_a26c0f08-3436-4171-b794-9df4354c05f4.gif,20,real,,none,1.0,0.8378833077145634,1.0,0.8172610588175379,-0.16211669228543657,-0.18273894118246214,0.020622248897025575,
/Users/lachlants/Documents/GIFs/Email/https___mcusercontent.com_55c8f62a16b590163aa0065d4_images_b6a79296-ca34-ff18-94d6-43f90378fa41.gif,60,real,,none,1.0,0.7058315149526031,1.0,0.6867587033541035,-0.2941684850473969,-0.3132412966458965,0.019072811598499606,
/Users/lachlants/Documents/GIFs/Email/https___d3k81ch9hvuctc.cloudfront.net_company_SPwRP6_images_d9decec7-942b-4ca5-9c9e-46473a9cd0f3.gif,20,real,,none,1.0,0.99976687394286,1.0,0.98188594598904,-0.00023312605713998735,-0.01811405401096,0.017880927953820014,
/Users/lachlants/Documents/GIFs/Email/http___i6.cmail19.com_ei_i_BB_5DC_A14_csimport_TSP47-Tenth-birthday_300-x-2501.161650.gif,20,real,,none,1.0,0.9988910941481683,1.0,0.981806021216762,-0.0011089058518316541,-0.01819397878323803,0.017085072931406375,
/Users/lachlants/Documents/GIFs/Email/https___d3k81ch9hvuctc.cloudfront.net_company_XuesTp_images_81e639fe-ffdc-4687-83b3-f42d101636f1.gif,40,real,,none,1.0,0.9992358236350206,1.0,0.9824153372605956,-0.0007641763649793853,-0.0175846627394044,0.016820486374425014,
/Users/lachlants/Documents/GIFs/Email/https___mcusercontent.com_88adb327dcabde30998542a7d_images_89b9ca62-dc40-9d47-b526-e47c657ed45c.gif,20,real,,none,1.0,0.998364109905877,1.0,0.9818001270551936,-0.001635890094123016,-0.018199872944806406,0.01656398285068339,
/Users/lachlants/Documents/GIFs/Email/https___media.wordfly.com_malthousetheatre_emails_ew-2024-season-2025-launch-awareness-2_edmteaser.gif,20,real,,none,1.0,0.999713965513451,1.0,0.983237747194836,-0.00028603448654895836,-0.01676225280516397,0.01647621831861501,
/Users/lachlants/Documents/GIFs/Email/https___media.wordfly.com_wheelercentre_emails_26-nov-24-wheeler-weekly-fortnightly_edm-3.gif,20,real,,none,1.0,0.9990018318019146,1.0,0.98264964844808,-0.000998168198085403,-0.017350351551919996,0.016352183353834593,
/Users/lachlants/Documents/GIFs/Email/https___media.giphy.com_media_v1.Y2lkPTc5MGI3NjExbmx4ZHRiamVxZDJpOWJnZjN5YTl0c3N5ZnY3ZWwydDVpemhuY2dscyZlcD12MV9pbnRlcm5hbF9naWZfYnlfaWQmY3Q9Zw_xsE65jaPsUKUo_giphy.gif,20,real,,none,1.0,0.9975522554764658,1.0,0.9814243560881584,-0.0024477445235342454,-0.018575643911841633,0.016127899388307387,
/Users/lachlants/Documents/GIFs/Email/https___cdn2.allevents.in_transup_e9_09956161374f58903a1961feeeb7e7_move-to-primary.gif,20,real,,none,1.0,0.9979909350126625,1.0,0.9835903345943264,-0.00200906498733755,-0.016409665405673568,0.014400600418336018,
/Users/lachlants/Documents/GIFs/Email/http___i4.cmail20.com_ei_i_33_AC7_E6D_csimport_MOL_MREC_300x2501.165351.gif,20,real,,none,1.0,0.9980654938860144,1.0,0.9853647355732068,-0.0019345061139856012,-0.014635264426793193,0.012700758312807592,
/Users/lachlants/Documents/GIFs/Email/https___email.wetransfer.net_WeNewsletter_General_theuploadgif.gif,20,real,,none,1.0,0.99958776876882,1.0,0.9872842345348368,-0.0004122312311799492,-0.012715765465163176,0.012303534233983227,
/Users/lachlants/Documents/GIFs/Email/https___emaillove-assets.b-cdn.net_users_1549882357414475228_assets_a26c0f08-3436-4171-b794-9df4354c05f4.gif,40,real,,none,1.0,0.7621819932985043,1.0,0.7504098529612943,-0.23781800670149567,-0.24959014703870575,0.01177214033721008,
/Users/lachlants/Documents/GIFs/Email/https___emaillove-assets.b-cdn.net_users_1549882357414475228_assets_a26c0f08-3436-4171-b794-9df4354c05f4.gif,60,real,,none,1.0,0.7398826031327104,1.0,0.7289500639251124,-0.26011739686728963,-0.2710499360748876,0.010932539207597958,
/Users/lachlants/Documents/GIFs/Email/https___hs-8497520.f.hubspotemail.net_hub_8497520_hubfs_Untitled-1-2.gif_upscale=true&width=1600&upscale=true&name=Untitled-1-2.gif,40,real,,none,1.0,0.9994992438999608,1.0,0.9907118073744726,-0.0005007561000391902,-0.00928819262552738,0.00878743652548819,
/Users/lachlants/Documents/GIFs/Email/https___d3k81ch9hvuctc.cloudfront.net_company_U85BQH_images_62374738-3a10-492c-84ab-094056628261.gif,60,real,,none,1.0,0.63315209434613,1.0,0.6405096778678606,-0.36684790565387004,-0.3594903221321394,0.0073575835217306595,
/tmp/giflab_divergence_synth/static_minimal_change.gif,60,synthetic,static_plus,none,1.0,0.6942603289971656,1.0,0.7011159107879952,-0.3057396710028344,-0.2988840892120048,0.006855581790829568,
/Users/lachlants/Documents/GIFs/Email/https___d3k81ch9hvuctc.cloudfront.net_company_XuesTp_images_81e639fe-ffdc-4687-83b3-f42d101636f1.gif,20,real,,none,1.0,0.9999100508458608,1.0,0.9932030432094971,-8.994915413917948e-05,-0.0067969567905028505,0.006707007636363671,
/Users/lachlants/Documents/GIFs/Email/https___media.wordfly.com_melbournetheatre_emails_mkt-gift-vouchers-dec-2024_gv-850-x-500.gif,20,real,,none,1.0,0.9997880796999986,1.0,0.9931895165732312,-0.00021192030000138917,-0.006810483426768821,0.006598563126767432,
/Users/lachlants/Documents/GIFs/Email/https___hs-8497520.f.hubspotemail.net_hub_8497520_hubfs_Untitled-1-2.gif_upscale=true&width=1600&upscale=true&name=Untitled-1-2.gif,20,real,,none,1.0,0.999692670680235,1.0,0.993670308949571,-0.0003073293197649596,-0.0063296910504290205,0.006022361730664061,
/Users/lachlants/Documents/GIFs/Email/https___media.wordfly.com_adelaidefestival_emails_mkt-insider-first-announce-monday_coming-soon.gif,60,real,,none,1.0,0.9996174001337792,1.0,0.9938661906705004,-0.0003825998662208008,-0.006133809329499584,0.005751209463278784,
/Users/lachlants/Documents/GIFs/Email/https___media.wordfly.com_adelaidefestival_emails_mkt-insider-first-announce-monday_coming-soon.gif,40,real,,none,1.0,0.9994904607845004,1.0,0.994359284583191,-0.0005095392154995659,-0.005640715416808995,0.005131176201309429,
/Users/lachlants/Documents/GIFs/Email/https___d3k81ch9hvuctc.cloudfront.net_company_PRQPAU_images_e3182442-56c5-4bea-8470-13c36fcfe37d.gif,60,real,,none,1.0,0.6757307417277496,1.0,0.6711446877008682,-0.3242692582722504,-0.3288553122991318,0.004586054026881392,
/tmp/giflab_divergence_synth/mixed_content.gif,60,synthetic,mixed,none,1.0,0.9999493609883712,1.0,0.9981122542597382,-5.0639011628828e-05,-0.001887745740261848,0.00183710672863302,
/tmp/giflab_divergence_synth/mixed_content.gif,20,synthetic,mixed,none,1.0,0.9999493609883712,1.0,0.9981122542597382,-5.0639011628828e-05,-0.001887745740261848,0.00183710672863302,
/tmp/giflab_divergence_synth/mixed_content.gif,40,synthetic,mixed,none,1.0,0.9999493609883712,1.0,0.9981122542597382,-5.0639011628828e-05,-0.001887745740261848,0.00183710672863302,
/Users/lachlants/Documents/GIFs/Email/https___media.wordfly.com_adelaidefestival_emails_mkt-insider-first-announce-monday_coming-soon.gif,20,real,,none,1.0,0.9999700332254692,1.0,0.998971282898142,-2.996677453082075e-05,-0.0010287171018580343,0.0009987503273272136,
/Users/lachlants/Documents/GIFs/Email/https___mcusercontent.com_02daa6a2f0aa90cc9c88c656e_images_f19df0a2-38b1-de19-799b-da8e75ea341e (1).gif,20,real,,none,1.0,0.9999950178649816,1.0,0.999865579063244,-4.9821350184275914e-06,-0.00013442093675597455,0.00012943880173754696,
/Users/lachlants/Documents/GIFs/Email/https___mcusercontent.com_02daa6a2f0aa90cc9c88c656e_images_f19df0a2-38b1-de19-799b-da8e75ea341e (1).gif,40,real,,none,1.0,0.9999950178649816,1.0,0.999865579063244,-4.9821350184275914e-06,-0.00013442093675597455,0.00012943880173754696,
/Users/lachlants/Documents/GIFs/Email/unnamed copy 9.gif,20,real,,none,1.0,0.9999999974874684,1.0,0.9999958020839236,-2.512531627196779e-09,-4.197916076420505e-06,4.195403544793308e-06,
/Users/lachlants/Documents/GIFs/Email/frankgreen.gif,20,real,,none,1.0,1.0,1.0,1.0,0.0,0.0,0.0,
/Users/lachlants/Documents/GIFs/Email/https___media.wordfly.com_malthousetheatre_emails_ew-2024-season-2025-on-sale_season-launch-header.gif,40,real,,dedup,1.0,1.0,1.0,1.0,0.0,0.0,0.0,
"/Users/lachlants/Documents/GIFs/Email/https___content.app-us1.com_cdn-cgi_image_format=auto,onerror=redirect,width=650,dpr=2,fit=scale-down_3rZo7_2024_06_11_7aa17b6e-87da-4d40-8a29-94d4985416b4.gif",20,real,,none,1.0,1.0,1.0,1.0,0.0,0.0,0.0,
/tmp/giflab_divergence_synth/long_animation.gif,40,synthetic,motion,none,1.0,1.0,1.0,1.0,0.0,0.0,0.0,
/Users/lachlants/Documents/GIFs/Email/https___media.wordfly.com_malthousetheatre_emails_ew-2024-season-2025-on-sale_season-launch-header.gif,60,real,,dedup,1.0,1.0,1.0,1.0,0.0,0.0,0.0,
/tmp/giflab_divergence_synth/transitions.gif,20,synthetic,morph,none,1.0,1.0,1.0,1.0,0.0,0.0,0.0,
/tmp/giflab_divergence_synth/extended_animation.gif,60,synthetic,motion,none,1.0,1.0,1.0,1.0,0.0,0.0,0.0,
/tmp/giflab_divergence_synth/long_animation.gif,60,synthetic,motion,none,1.0,1.0,1.0,1.0,0.0,0.0,0.0,
/tmp/giflab_divergence_synth/extended_animation.gif,40,synthetic,motion,none,1.0,1.0,1.0,1.0,0.0,0.0,0.0,
/tmp/giflab_divergence_synth/long_animation.gif,20,synthetic,motion,none,1.0,1.0,1.0,1.0,0.0,0.0,0.0,
/tmp/giflab_divergence_synth/data_visualization.gif,60,synthetic,charts,none,1.0,1.0,1.0,1.0,0.0,0.0,0.0,
/tmp/giflab_divergence_synth/data_visualization.gif,20,synthetic,charts,none,1.0,1.0,1.0,1.0,0.0,0.0,0.0,
/tmp/giflab_divergence_synth/extended_animation.gif,20,synthetic,motion,none,1.0,1.0,1.0,1.0,0.0,0.0,0.0,
/Users/lachlants/Documents/GIFs/Email/https___media.wordfly.com_malthousetheatre_emails_ew-2024-season-2025-on-sale_season-launch-header.gif,20,real,,dedup,1.0,1.0,1.0,1.0,0.0,0.0,0.0,
/tmp/giflab_divergence_synth/few_colors.gif,40,synthetic,minimal,none,1.0,1.0,1.0,1.0,0.0,0.0,0.0,
/tmp/giflab_divergence_synth/transitions.gif,40,synthetic,morph,none,1.0,1.0,1.0,1.0,0.0,0.0,0.0,
/tmp/giflab_divergence_synth/transitions.gif,60,synthetic,morph,none,1.0,1.0,1.0,1.0,0.0,0.0,0.0,
/tmp/giflab_divergence_synth/few_colors.gif,20,synthetic,minimal,none,1.0,1.0,1.0,1.0,0.0,0.0,0.0,
/tmp/giflab_divergence_synth/geometric_patterns.gif,60,synthetic,geometric,none,1.0,1.0,1.0,1.0,0.0,0.0,0.0,
/tmp/giflab_divergence_synth/geometric_patterns.gif,40,synthetic,geometric,none,1.0,1.0,1.0,1.0,0.0,0.0,0.0,
/tmp/giflab_divergence_synth/geometric_patterns.gif,20,synthetic,geometric,none,1.0,1.0,1.0,1.0,0.0,0.0,0.0,
/tmp/giflab_divergence_synth/high_contrast.gif,60,synthetic,contrast,none,1.0,1.0,1.0,1.0,0.0,0.0,0.0,
/tmp/giflab_divergence_synth/high_contrast.gif,40,synthetic,contrast,none,1.0,1.0,1.0,1.0,0.0,0.0,0.0,
/tmp/giflab_divergence_synth/data_visualization.gif,40,synthetic,charts,none,1.0,1.0,1.0,1.0,0.0,0.0,0.0,
/Users/lachlants/Documents/GIFs/Email/https___d3k81ch9hvuctc.cloudfront.net_company_PRQPAU_images_e3182442-56c5-4bea-8470-13c36fcfe37d.gif,20,real,,none,1.0,1.0,1.0,1.0,0.0,0.0,0.0,
/tmp/giflab_divergence_synth/solid_blocks.gif,60,synthetic,solid,none,1.0,1.0,1.0,1.0,0.0,0.0,0.0,
/tmp/giflab_divergence_synth/solid_blocks.gif,40,synthetic,solid,none,1.0,1.0,1.0,1.0,0.0,0.0,0.0,
/tmp/giflab_divergence_synth/solid_blocks.gif,20,synthetic,solid,none,1.0,1.0,1.0,1.0,0.0,0.0,0.0,
/Users/lachlants/Documents/GIFs/Email/https___i1.cmail20.com_ei_i_BB_C90_815_csimport_SCRIBE-POST-20240725-Banner-970x250-01.163107.gif,20,real,,none,1.0,1.0,1.0,1.0,0.0,0.0,0.0,
/Users/lachlants/Documents/GIFs/Email/https___image.e.lululemon.com_lib_fe35117171640578761370_m_1_wk37+Send+1+Tues_Email_01_HeroImage.gif,20,real,,none,1.0,1.0,1.0,1.0,0.0,0.0,0.0,
/tmp/giflab_divergence_synth/animation_heavy.gif,20,synthetic,motion,none,1.0,1.0,1.0,1.0,0.0,0.0,0.0,
/tmp/giflab_divergence_synth/animation_heavy.gif,40,synthetic,motion,none,1.0,1.0,1.0,1.0,0.0,0.0,0.0,
/tmp/giflab_divergence_synth/animation_heavy.gif,60,synthetic,motion,none,1.0,1.0,1.0,1.0,0.0,0.0,0.0,
/tmp/giflab_divergence_synth/high_frequency_detail.gif,60,synthetic,detail,none,1.0,1.0,1.0,1.0,0.0,0.0,0.0,
/tmp/giflab_divergence_synth/high_frequency_detail.gif,40,synthetic,detail,none,1.0,1.0,1.0,1.0,0.0,0.0,0.0,
/tmp/giflab_divergence_synth/high_frequency_detail.gif,20,synthetic,detail,none,1.0,1.0,1.0,1.0,0.0,0.0,0.0,
/tmp/giflab_divergence_synth/static_minimal_change.gif,40,synthetic,static_plus,none,1.0,1.0,1.0,1.0,0.0,0.0,0.0,
/Users/lachlants/Documents/GIFs/Email/https___mcusercontent.com_ecbf79257dbc62cf7c2c5a87e_images_080698a6-a86b-e589-8c4e-8342710f4597.gif,20,real,,none,1.0,1.0,1.0,1.0,0.0,0.0,0.0,
/Users/lachlants/Documents/GIFs/Email/https___darkmofo.s3.amazonaws.com_2025_edm_08042025_cross-160px.gif,60,real,,none,1.0,1.0,1.0,1.0,0.0,0.0,0.0,
/Users/lachlants/Documents/GIFs/Email/https___darkmofo.s3.amazonaws.com_2025_edm_08042025_cross-160px.gif,40,real,,none,1.0,1.0,1.0,1.0,0.0,0.0,0.0,
/Users/lachlants/Documents/GIFs/Email/https___darkmofo.s3.amazonaws.com_2025_edm_08042025_cross-160px.gif,20,real,,none,1.0,1.0,1.0,1.0,0.0,0.0,0.0,
/tmp/giflab_divergence_synth/few_colors.gif,60,synthetic,minimal,none,1.0,1.0,1.0,1.0,0.0,0.0,0.0,
/tmp/giflab_divergence_synth/static_minimal_change.gif,20,synthetic,static_plus,none,1.0,1.0,1.0,1.0,0.0,0.0,0.0,
/Users/lachlants/Documents/GIFs/Email/https___mcusercontent.com_52cce2d9ba60a58f04e3e10db_images_6d8b9be8-1e1b-e177-908c-14a16e11041c.gif,20,real,,none,1.0,1.0,1.0,1.0,0.0,0.0,0.0,
/tmp/giflab_divergence_synth/high_contrast.gif,20,synthetic,contrast,none,1.0,1.0,1.0,1.0,0.0,0.0,0.0,
